order_id,order_date,customer_id,order_status,product_id,seller_id
1,04-09-2023,758,Processing,62,44
2,15-02-2023,365,In Transit,384,7
3,24-01-2024,942,Processing,285,7
4,20-04-2023,520,Processing,144,48
5,01-12-2024,572,Processing,28,35
6,13-11-2024,410,Processing,466,40
7,27-01-2023,550,Delivered,73,21
8,21-04-2024,321,Shipped,369,49
9,13-09-2023,35,In Transit,201,37
10,14-07-2023,318,Delivered,497,4
11,21-01-2023,531,Processing,5,30
12,12-08-2023,592,Processing,28,35
13,04-01-2023,325,Delivered,250,25
14,26-11-2024,119,Processing,263,1
15,08-12-2024,158,In Transit,383,18
16,31-01-2023,62,Shipped,171,29
17,16-01-2023,724,Shipped,145,44
18,11-10-2024,130,In Transit,482,3
19,17-07-2024,713,Delivered,153,3
20,27-01-2024,753,In Transit,83,43
21,03-05-2024,128,Delivered,383,18
22,12-07-2024,233,Delivered,427,35
23,27-10-2024,411,Delivered,122,26
24,10-01-2024,447,Shipped,81,26
25,08-10-2023,558,Shipped,58,27
26,23-08-2024,592,Processing,335,41
27,18-07-2023,7,Processing,394,37
28,16-10-2024,559,Shipped,1,37
29,26-11-2024,927,Delivered,144,48
30,29-06-2023,460,In Transit,459,25
31,09-07-2023,706,Processing,167,14
32,21-06-2024,775,Delivered,172,23
33,23-06-2023,262,Processing,246,5
34,18-12-2023,565,Shipped,180,24
35,11-12-2024,705,Delivered,295,5
36,17-12-2023,933,Shipped,189,18
37,07-09-2024,325,Shipped,317,40
38,17-12-2024,102,Shipped,144,48
39,30-07-2024,725,Delivered,133,32
40,15-01-2024,551,In Transit,10,20
41,20-05-2024,524,Delivered,337,2
42,23-07-2023,698,Shipped,147,32
43,28-11-2023,522,Processing,405,25
44,26-04-2024,671,In Transit,163,46
45,01-07-2024,931,Processing,426,24
46,09-02-2024,505,In Transit,493,42
47,29-05-2024,364,Processing,50,6
48,04-10-2023,772,Shipped,416,20
49,23-09-2023,708,Processing,330,43
50,09-06-2024,145,In Transit,30,30
51,30-01-2024,814,Processing,236,7
52,10-06-2024,295,In Transit,91,35
53,27-09-2024,531,Delivered,246,5
54,17-07-2023,965,In Transit,65,19
55,26-10-2024,283,Delivered,196,20
56,23-06-2023,428,Processing,477,49
57,22-09-2024,339,In Transit,393,19
58,04-02-2023,119,Processing,263,1
59,24-08-2024,337,In Transit,14,19
60,01-12-2024,840,Shipped,84,5
61,15-03-2023,178,Shipped,339,27
62,29-01-2024,539,Delivered,18,6
63,23-01-2024,244,In Transit,158,32
64,06-03-2023,170,In Transit,227,34
65,02-12-2023,882,Delivered,86,38
66,04-05-2024,111,Shipped,38,6
67,21-04-2024,582,Shipped,56,3
68,05-08-2024,789,In Transit,229,27
69,01-08-2024,364,In Transit,400,1
70,18-08-2024,927,Delivered,172,23
71,06-03-2024,226,Shipped,365,15
72,13-09-2023,434,Processing,102,19
73,04-06-2024,872,Shipped,21,3
74,21-07-2023,486,Delivered,417,49
75,27-09-2023,777,Shipped,50,6
76,28-09-2023,911,Processing,118,7
77,03-07-2024,497,In Transit,129,5
78,05-10-2023,779,In Transit,210,42
79,03-12-2024,828,In Transit,167,14
80,10-07-2024,892,In Transit,440,6
81,08-02-2024,37,Processing,433,18
82,31-05-2024,448,In Transit,147,32
83,21-10-2024,461,Shipped,222,16
84,19-10-2024,931,Shipped,186,30
85,06-11-2023,455,In Transit,40,16
86,24-09-2023,310,Shipped,116,26
87,21-07-2023,280,Processing,218,35
88,17-05-2024,952,In Transit,485,34
89,27-05-2023,220,Shipped,200,10
90,29-02-2024,214,Processing,329,30
91,04-07-2023,602,Delivered,291,23
92,24-06-2024,984,Processing,148,46
93,27-08-2024,39,Delivered,301,49
94,05-08-2024,994,Shipped,467,42
95,28-06-2024,615,In Transit,469,16
96,25-09-2024,873,Processing,301,49
97,27-08-2023,816,Shipped,262,26
98,24-03-2024,574,Delivered,308,19
99,23-12-2023,786,Processing,103,9
100,23-07-2024,728,Shipped,250,25
101,12-01-2024,946,Processing,189,18
102,04-08-2023,372,In Transit,103,9
103,15-03-2023,497,In Transit,498,22
104,25-01-2024,980,Processing,127,34
105,22-07-2024,358,Delivered,83,43
106,09-11-2024,724,In Transit,181,19
107,15-11-2023,644,Shipped,172,23
108,05-10-2024,317,Delivered,362,23
109,23-11-2023,210,Processing,59,19
110,09-07-2024,891,In Transit,89,22
111,23-08-2024,680,Shipped,454,38
112,03-01-2024,714,In Transit,372,45
113,17-04-2024,18,Shipped,108,10
114,11-08-2024,711,Shipped,197,23
115,28-10-2024,41,Delivered,251,35
116,18-12-2024,359,Delivered,418,18
117,11-09-2024,233,In Transit,347,31
118,02-05-2023,643,Processing,122,26
119,11-07-2024,744,Shipped,190,50
120,16-08-2024,757,Delivered,82,4
121,04-06-2023,713,Delivered,419,2
122,24-09-2023,606,Processing,89,22
123,23-09-2023,446,Shipped,135,48
124,09-07-2023,667,Delivered,473,16
125,23-07-2023,500,In Transit,439,41
126,05-02-2023,630,Delivered,316,32
127,01-09-2024,651,Shipped,411,3
128,12-08-2024,806,In Transit,215,1
129,26-02-2023,40,Processing,301,49
130,27-11-2024,256,Delivered,44,16
131,28-12-2023,202,Shipped,266,2
132,27-08-2024,157,In Transit,172,23
133,02-12-2024,370,In Transit,303,46
134,30-07-2024,112,In Transit,207,46
135,16-06-2024,358,Shipped,103,9
136,24-09-2023,792,In Transit,396,4
137,14-09-2024,10,Processing,388,13
138,22-12-2024,642,In Transit,175,33
139,30-04-2023,397,Processing,472,14
140,17-07-2023,768,Processing,220,35
141,12-02-2024,260,Shipped,222,16
142,11-12-2024,81,Shipped,196,20
143,08-08-2023,907,Delivered,413,7
144,07-12-2023,7,Delivered,266,2
145,10-01-2023,581,In Transit,285,7
146,13-10-2023,986,Delivered,358,20
147,24-09-2023,303,Delivered,140,23
148,28-01-2023,445,In Transit,356,33
149,16-03-2024,893,Shipped,122,26
150,17-01-2023,248,Shipped,396,4
151,06-02-2023,104,Processing,385,9
152,22-10-2024,445,Processing,268,43
153,02-08-2024,173,Processing,125,16
154,29-09-2023,289,Processing,242,7
155,30-11-2023,923,In Transit,256,16
156,10-03-2023,350,Processing,198,50
157,08-05-2024,278,Processing,244,29
158,26-11-2023,843,Delivered,368,50
159,19-09-2023,403,Delivered,380,13
160,03-11-2023,88,Delivered,249,35
161,15-12-2024,65,Shipped,287,7
162,25-01-2024,347,Shipped,385,9
163,02-06-2023,984,Shipped,308,19
164,28-08-2024,406,Shipped,226,2
165,21-08-2024,890,Delivered,178,7
166,24-01-2024,831,Shipped,127,34
167,17-06-2024,929,In Transit,433,18
168,20-11-2024,703,Delivered,98,15
169,05-06-2023,88,Shipped,471,18
170,28-01-2024,762,In Transit,261,5
171,27-09-2024,630,Shipped,377,13
172,30-01-2023,139,Shipped,413,7
173,03-12-2023,750,Processing,103,9
174,06-08-2023,559,Delivered,391,43
175,25-08-2023,750,Processing,122,26
176,03-02-2024,708,Processing,460,34
177,26-03-2024,968,Processing,303,46
178,26-09-2023,421,Shipped,146,35
179,16-10-2024,485,Processing,166,20
180,07-04-2024,266,Shipped,324,32
181,30-08-2023,321,Delivered,403,1
182,05-09-2024,202,In Transit,30,30
183,02-08-2024,173,In Transit,424,46
184,05-04-2024,212,Delivered,484,15
185,07-02-2023,521,Shipped,465,16
186,14-01-2024,208,In Transit,125,16
187,23-03-2023,638,Shipped,206,1
188,24-05-2024,929,Shipped,311,43
189,15-10-2023,152,Shipped,353,19
190,31-07-2024,357,Delivered,307,39
191,07-11-2023,678,Shipped,55,18
192,01-03-2024,686,Shipped,146,35
193,05-11-2023,9,Processing,172,23
194,01-11-2024,394,Delivered,162,7
195,18-03-2023,896,In Transit,100,10
196,15-07-2024,452,In Transit,254,29
197,03-01-2023,757,Shipped,29,50
198,22-05-2024,82,In Transit,38,6
199,09-08-2024,616,Processing,490,4
200,24-04-2023,929,Shipped,32,48
201,26-12-2023,740,Delivered,308,19
202,13-08-2024,36,In Transit,243,21
203,15-08-2024,267,Processing,130,3
204,04-04-2023,175,Processing,447,31
205,05-08-2023,10,Processing,391,43
206,30-09-2023,773,In Transit,304,40
207,12-01-2024,794,Processing,357,4
208,25-12-2023,730,Processing,358,20
209,16-04-2023,393,Processing,445,10
210,25-06-2024,6,Delivered,249,35
211,27-05-2023,713,Processing,249,35
212,19-10-2024,905,Delivered,92,34
213,21-09-2024,895,Shipped,455,33
214,23-11-2024,770,Delivered,99,35
215,25-11-2023,450,In Transit,317,40
216,16-11-2023,793,In Transit,174,42
217,07-12-2023,39,Delivered,365,15
218,23-01-2024,351,Shipped,60,10
219,12-05-2024,553,Shipped,197,23
220,14-04-2023,7,Delivered,229,27
221,19-08-2023,865,Processing,446,22
222,06-09-2024,932,Processing,304,40
223,17-11-2023,59,In Transit,383,18
224,06-01-2023,934,In Transit,307,39
225,02-08-2023,288,Shipped,103,9
226,13-05-2024,906,Processing,277,22
227,20-06-2023,537,Delivered,41,28
228,16-03-2023,724,In Transit,140,23
229,15-02-2024,135,Shipped,306,26
230,11-09-2024,365,Delivered,230,21
231,08-05-2023,600,Processing,248,4
232,28-11-2023,831,Delivered,325,21
233,10-09-2023,431,Processing,274,37
234,24-11-2024,286,Processing,299,44
235,29-02-2024,85,Processing,164,26
236,14-01-2024,173,Processing,96,49
237,20-05-2024,382,Processing,329,30
238,13-09-2024,639,Shipped,383,18
239,22-06-2024,372,In Transit,123,3
240,27-02-2024,801,In Transit,177,17
241,28-08-2024,376,Shipped,364,33
242,15-01-2024,506,Delivered,381,48
243,14-07-2024,565,Processing,179,41
244,26-04-2023,329,Shipped,70,15
245,09-02-2024,781,Delivered,40,16
246,23-03-2024,461,Shipped,262,26
247,04-11-2023,587,Shipped,415,45
248,19-05-2023,931,Delivered,67,46
249,26-03-2024,165,In Transit,377,13
250,24-02-2024,556,Delivered,374,12
251,28-01-2024,782,In Transit,95,13
252,03-09-2023,190,Delivered,103,9
253,26-03-2024,603,Processing,495,33
254,01-07-2024,227,Processing,305,28
255,24-09-2024,958,Delivered,336,16
256,18-03-2024,820,In Transit,226,2
257,27-02-2023,890,Delivered,224,32
258,16-06-2024,470,Delivered,264,33
259,02-12-2023,391,Delivered,42,46
260,19-01-2023,17,In Transit,284,43
261,08-05-2024,819,Shipped,297,20
262,10-09-2023,249,In Transit,402,39
263,07-04-2023,4,In Transit,455,33
264,14-06-2023,590,Shipped,20,14
265,08-07-2023,344,Processing,155,48
266,21-12-2023,21,Processing,99,35
267,12-10-2024,736,In Transit,336,16
268,13-01-2023,213,Processing,422,50
269,23-01-2023,288,In Transit,112,39
270,10-02-2023,601,Shipped,423,39
271,11-12-2024,769,Processing,47,19
272,24-02-2024,193,Processing,390,20
273,21-01-2024,541,In Transit,119,20
274,27-07-2024,435,Shipped,420,33
275,22-09-2023,559,Delivered,306,26
276,26-09-2024,573,Shipped,165,7
277,04-12-2023,126,Processing,260,28
278,05-06-2023,432,Delivered,468,23
279,02-02-2024,842,Delivered,188,35
280,17-06-2024,680,Delivered,135,48
281,01-10-2024,898,In Transit,327,50
282,08-03-2023,270,Processing,37,14
283,09-09-2023,424,Delivered,318,47
284,15-11-2023,502,Shipped,447,31
285,11-03-2023,824,In Transit,268,43
286,17-04-2023,49,In Transit,365,15
287,04-05-2024,870,Shipped,294,8
288,04-08-2023,977,Processing,487,16
289,09-02-2023,679,Processing,150,42
290,14-02-2024,955,Delivered,291,23
291,26-05-2023,903,Processing,147,32
292,15-09-2024,337,Processing,455,33
293,03-04-2023,910,Delivered,139,27
294,20-03-2023,366,In Transit,104,13
295,09-01-2024,72,Shipped,173,28
296,13-03-2024,526,Shipped,249,35
297,18-04-2023,604,Processing,240,21
298,12-01-2023,679,Processing,496,1
299,26-01-2024,195,In Transit,444,39
300,19-04-2024,776,Processing,255,25
301,17-06-2023,367,Delivered,362,23
302,13-04-2024,126,Processing,252,17
303,22-05-2023,605,Processing,125,16
304,11-10-2023,735,Processing,177,17
305,28-06-2024,876,Shipped,132,23
306,20-12-2023,415,Delivered,277,22
307,04-10-2024,393,In Transit,163,46
308,28-01-2024,899,Shipped,88,19
309,26-03-2023,241,Shipped,84,5
310,27-07-2023,578,Processing,443,28
311,04-01-2023,715,Delivered,418,18
312,01-11-2023,783,Delivered,170,37
313,29-05-2023,198,Shipped,465,16
314,27-03-2023,430,Delivered,285,7
315,07-02-2024,309,Processing,364,33
316,10-03-2024,38,Shipped,500,44
317,06-01-2024,479,Processing,180,24
318,18-04-2024,592,Delivered,95,13
319,02-11-2023,618,In Transit,233,10
320,20-10-2024,775,Shipped,494,31
321,07-08-2023,919,Processing,44,16
322,16-02-2023,37,Processing,103,9
323,01-03-2023,106,Processing,267,14
324,04-06-2023,907,Shipped,84,5
325,17-11-2024,642,In Transit,424,46
326,27-10-2023,200,Delivered,221,39
327,26-03-2023,152,Shipped,146,35
328,11-04-2024,260,In Transit,275,26
329,10-02-2023,627,Delivered,242,7
330,07-08-2024,479,Shipped,452,39
331,31-05-2023,579,Shipped,481,34
332,27-04-2024,156,Shipped,176,3
333,08-11-2023,595,Delivered,362,23
334,15-03-2024,623,Delivered,120,42
335,13-04-2024,333,Delivered,224,32
336,20-06-2023,252,Shipped,227,34
337,04-11-2024,110,Delivered,110,9
338,27-09-2023,657,Delivered,173,28
339,24-06-2024,337,Processing,141,27
340,10-08-2023,305,In Transit,393,19
341,29-12-2024,928,Shipped,479,39
342,23-01-2024,248,Delivered,181,19
343,29-09-2024,657,In Transit,139,27
344,14-03-2024,807,Processing,388,13
345,25-04-2023,173,In Transit,92,34
346,24-05-2024,396,In Transit,43,22
347,04-04-2023,48,Processing,2,41
348,26-11-2023,576,Shipped,236,7
349,01-07-2024,687,Delivered,56,3
350,15-09-2024,553,Delivered,165,7
351,20-07-2024,265,Processing,86,38
352,09-03-2023,197,Processing,389,2
353,22-01-2024,863,In Transit,412,3
354,03-09-2023,138,Delivered,364,33
355,24-08-2023,290,Processing,324,32
356,12-08-2023,666,Processing,297,20
357,20-04-2024,599,Shipped,181,19
358,26-06-2024,503,Shipped,488,14
359,02-09-2024,211,In Transit,372,45
360,17-03-2023,343,Shipped,382,49
361,20-09-2023,269,Shipped,164,26
362,16-05-2024,100,Shipped,50,6
363,11-02-2024,958,Delivered,273,7
364,24-07-2024,99,Processing,368,50
365,25-05-2023,429,Shipped,329,30
366,11-06-2024,763,Shipped,356,33
367,10-02-2024,614,In Transit,319,38
368,12-02-2023,942,Processing,50,6
369,20-12-2023,371,Delivered,159,41
370,01-11-2024,556,In Transit,400,1
371,28-12-2024,903,Processing,293,3
372,14-01-2024,148,Processing,387,50
373,30-04-2023,932,In Transit,301,49
374,25-02-2024,157,Shipped,17,19
375,27-02-2024,636,Delivered,389,2
376,05-04-2023,8,Processing,133,32
377,07-07-2023,608,Processing,36,34
378,28-01-2024,561,In Transit,180,24
379,02-03-2023,602,Delivered,397,34
380,13-01-2023,796,In Transit,248,4
381,05-08-2023,352,Delivered,48,10
382,01-02-2024,347,Delivered,57,14
383,23-01-2024,603,Shipped,207,46
384,29-08-2023,948,In Transit,132,23
385,17-04-2023,471,Shipped,267,14
386,26-10-2023,16,Shipped,70,15
387,15-04-2024,261,Delivered,460,34
388,30-01-2023,403,Shipped,452,39
389,11-09-2024,811,Delivered,488,14
390,07-03-2023,306,In Transit,119,20
391,25-05-2024,773,Delivered,87,3
392,21-08-2023,867,In Transit,125,16
393,11-05-2023,225,Processing,472,14
394,07-07-2024,955,Shipped,497,4
395,15-04-2024,192,Delivered,288,32
396,27-07-2023,701,Delivered,47,19
397,15-08-2023,366,Delivered,340,7
398,01-07-2023,511,In Transit,49,35
399,26-05-2024,349,In Transit,112,39
400,07-05-2024,523,Delivered,70,15
401,05-05-2024,755,Shipped,208,19
402,21-01-2023,142,In Transit,377,13
403,04-08-2023,441,Delivered,210,42
404,11-12-2023,111,In Transit,436,7
405,25-07-2023,930,Shipped,303,46
406,02-11-2024,267,Processing,132,23
407,08-04-2024,366,Delivered,492,23
408,09-12-2023,776,Processing,353,19
409,14-05-2024,832,In Transit,100,10
410,21-08-2023,663,Delivered,454,38
411,04-10-2024,813,Processing,58,27
412,20-04-2023,420,Delivered,498,22
413,30-12-2023,221,Processing,12,32
414,10-06-2024,100,Processing,234,32
415,15-01-2024,821,Delivered,5,30
416,22-08-2024,136,Processing,457,12
417,22-08-2023,58,In Transit,266,2
418,29-05-2023,919,Shipped,452,39
419,03-08-2024,872,In Transit,116,26
420,30-09-2024,519,Delivered,332,11
421,11-05-2024,213,Shipped,425,44
422,10-03-2023,468,Shipped,362,23
423,12-05-2023,247,In Transit,380,13
424,30-05-2023,546,In Transit,75,40
425,25-01-2023,11,In Transit,77,22
426,19-05-2024,4,Shipped,229,27
427,28-03-2023,562,Processing,492,23
428,08-06-2023,446,Shipped,89,22
429,20-05-2024,149,Processing,135,48
430,10-07-2024,377,Processing,421,29
431,26-05-2024,809,Delivered,89,22
432,11-07-2023,722,Delivered,187,26
433,15-01-2024,924,Shipped,150,42
434,28-02-2023,269,In Transit,199,49
435,24-08-2023,932,Delivered,190,50
436,26-12-2024,397,Delivered,50,6
437,20-06-2023,162,In Transit,389,2
438,01-01-2023,514,Shipped,325,21
439,24-01-2023,875,In Transit,22,17
440,14-03-2023,554,Processing,168,48
441,21-02-2023,94,Delivered,376,12
442,07-07-2024,829,In Transit,343,23
443,16-12-2024,575,In Transit,271,46
444,11-12-2023,995,In Transit,325,21
445,04-07-2024,464,In Transit,137,40
446,29-08-2023,911,Processing,288,32
447,08-04-2023,806,Shipped,437,10
448,29-04-2023,622,In Transit,42,46
449,13-07-2024,925,In Transit,98,15
450,14-02-2023,699,In Transit,225,48
451,17-04-2024,119,Shipped,273,7
452,06-09-2024,375,Delivered,231,38
453,22-12-2024,747,In Transit,220,35
454,18-06-2024,178,Processing,50,6
455,17-07-2024,705,Delivered,342,1
456,19-06-2024,940,Processing,115,49
457,03-04-2023,590,Shipped,326,46
458,21-12-2024,110,In Transit,341,40
459,13-07-2024,801,Processing,349,6
460,31-07-2024,153,In Transit,54,47
461,10-08-2023,924,Processing,126,1
462,06-03-2024,553,Processing,446,22
463,13-08-2023,951,Processing,153,3
464,18-08-2024,880,Shipped,307,39
465,06-06-2023,433,Delivered,227,34
466,21-08-2024,856,Processing,28,35
467,18-03-2024,355,In Transit,71,6
468,21-03-2024,107,Shipped,434,48
469,01-03-2023,149,In Transit,97,10
470,25-02-2023,314,Processing,119,20
471,15-05-2023,430,Processing,368,50
472,09-01-2023,120,Shipped,392,30
473,09-10-2023,889,Processing,337,2
474,07-09-2023,190,In Transit,5,30
475,29-05-2024,153,Processing,329,30
476,04-01-2024,892,Delivered,8,18
477,27-02-2024,491,Delivered,401,37
478,15-01-2024,281,Shipped,428,28
479,17-06-2023,441,In Transit,308,19
480,05-12-2024,874,Processing,192,13
481,11-04-2023,156,In Transit,49,35
482,28-04-2023,869,Processing,318,47
483,08-08-2024,514,Delivered,146,35
484,24-06-2023,767,Processing,23,6
485,18-05-2024,429,Shipped,386,19
486,27-01-2023,12,Processing,257,20
487,02-03-2023,819,Shipped,272,3
488,15-04-2023,425,In Transit,163,46
489,28-03-2024,313,In Transit,429,19
490,12-10-2023,887,Shipped,52,22
491,28-12-2024,2,Delivered,35,14
492,25-02-2023,204,Delivered,123,3
493,26-12-2023,953,Shipped,359,29
494,24-12-2023,165,In Transit,379,24
495,02-07-2024,77,In Transit,196,20
496,15-01-2024,407,Processing,347,31
497,14-08-2024,473,Processing,117,41
498,07-03-2024,367,Shipped,183,45
499,09-06-2023,213,Shipped,88,19
500,01-11-2023,197,Processing,9,14
501,28-09-2024,639,In Transit,231,38
502,13-03-2024,785,Processing,206,1
503,30-09-2024,559,In Transit,321,17
504,16-12-2023,479,In Transit,495,33
505,21-06-2023,169,In Transit,326,46
506,30-08-2023,665,Delivered,57,14
507,02-07-2024,156,Processing,422,50
508,29-05-2024,916,In Transit,427,35
509,19-02-2024,297,Shipped,171,29
510,21-08-2023,293,Processing,494,31
511,05-05-2023,236,Shipped,146,35
512,12-06-2024,592,Shipped,248,4
513,22-10-2024,308,In Transit,105,4
514,03-06-2023,676,Shipped,399,45
515,27-07-2024,443,Delivered,216,1
516,18-02-2024,339,Delivered,75,40
517,27-08-2023,149,In Transit,480,40
518,09-01-2023,794,Shipped,495,33
519,11-03-2024,463,Shipped,500,44
520,20-10-2023,247,Delivered,451,24
521,12-03-2023,186,Processing,150,42
522,30-10-2024,672,Shipped,181,19
523,21-06-2023,503,Shipped,393,19
524,11-07-2023,925,Processing,214,12
525,21-04-2023,933,Processing,232,33
526,07-06-2023,655,In Transit,34,5
527,01-09-2023,699,In Transit,457,12
528,27-05-2023,8,In Transit,336,16
529,08-01-2023,997,Shipped,282,27
530,13-05-2024,836,In Transit,372,45
531,02-06-2023,296,Delivered,495,33
532,25-10-2023,579,Processing,443,28
533,19-02-2023,633,Processing,498,22
534,11-02-2024,23,Shipped,6,15
535,30-08-2023,524,Shipped,298,48
536,07-09-2023,240,Shipped,424,46
537,08-01-2023,301,In Transit,23,6
538,26-07-2023,384,Shipped,308,19
539,05-10-2024,527,Delivered,171,29
540,20-10-2024,622,In Transit,166,20
541,29-10-2024,156,In Transit,25,13
542,02-01-2024,663,In Transit,259,31
543,16-04-2024,122,In Transit,12,32
544,05-06-2024,988,Shipped,178,7
545,14-08-2024,875,Delivered,119,20
546,22-08-2024,860,Processing,318,47
547,31-05-2024,528,Delivered,429,19
548,04-06-2024,170,Delivered,494,31
549,01-06-2023,56,In Transit,211,37
550,11-06-2023,419,Shipped,323,50
551,05-08-2024,64,In Transit,221,39
552,25-08-2024,178,In Transit,269,49
553,07-04-2023,634,Shipped,25,13
554,21-02-2024,536,Delivered,345,26
555,05-11-2023,860,Shipped,182,7
556,20-03-2024,660,Shipped,403,1
557,04-11-2023,549,Processing,368,50
558,22-08-2024,455,Processing,325,21
559,27-11-2024,909,Delivered,301,49
560,02-01-2023,225,Processing,240,21
561,13-02-2023,677,Shipped,120,42
562,24-06-2024,494,Shipped,311,43
563,01-08-2023,296,Shipped,324,32
564,25-11-2024,428,In Transit,269,49
565,10-08-2024,98,Delivered,313,8
566,28-01-2023,10,Shipped,135,48
567,26-11-2023,883,In Transit,274,37
568,21-02-2024,597,In Transit,267,14
569,29-06-2024,112,Delivered,67,46
570,14-07-2024,261,Shipped,409,1
571,28-03-2023,64,In Transit,118,7
572,05-06-2023,57,Processing,412,3
573,01-08-2024,44,Shipped,34,5
574,04-10-2024,87,In Transit,55,18
575,09-04-2023,602,Processing,470,26
576,05-01-2023,676,In Transit,241,16
577,27-07-2023,514,Shipped,312,31
578,08-05-2023,255,Shipped,51,31
579,19-01-2024,984,Delivered,106,42
580,10-11-2024,909,Processing,139,27
581,10-12-2024,375,In Transit,143,31
582,01-06-2024,907,Processing,48,10
583,14-11-2023,280,In Transit,463,7
584,03-01-2023,588,Delivered,221,39
585,27-06-2024,11,Processing,7,39
586,31-05-2024,619,Processing,396,4
587,10-09-2024,901,Processing,382,49
588,27-11-2023,939,In Transit,442,28
589,14-05-2024,977,Delivered,65,19
590,14-01-2023,552,In Transit,370,26
591,13-06-2024,721,Shipped,44,16
592,22-03-2023,606,In Transit,408,50
593,17-02-2024,695,In Transit,496,1
594,29-11-2023,96,Shipped,104,13
595,14-02-2024,970,In Transit,458,21
596,24-09-2024,437,In Transit,415,45
597,31-05-2024,7,Processing,390,20
598,20-12-2023,378,In Transit,25,13
599,06-10-2023,791,Shipped,320,27
600,04-05-2024,852,Processing,286,46
601,23-04-2023,755,Processing,210,42
602,10-06-2023,865,Processing,115,49
603,20-01-2023,83,Shipped,17,19
604,20-07-2024,577,Processing,430,5
605,24-05-2024,848,Delivered,393,19
606,22-05-2023,792,Processing,276,47
607,13-07-2024,945,Delivered,232,33
608,17-04-2023,393,Shipped,140,23
609,02-06-2023,469,In Transit,267,14
610,04-10-2024,448,In Transit,420,33
611,12-05-2023,364,Shipped,201,37
612,14-10-2023,711,Shipped,439,41
613,22-11-2023,655,In Transit,168,48
614,28-03-2024,916,Processing,307,39
615,12-11-2024,969,Delivered,314,30
616,12-05-2023,171,In Transit,386,19
617,11-09-2024,19,In Transit,208,19
618,31-01-2023,124,Shipped,103,9
619,10-04-2024,689,Delivered,418,18
620,28-02-2024,555,Delivered,111,3
621,23-12-2023,907,Shipped,302,41
622,08-10-2024,759,In Transit,154,13
623,14-10-2024,691,Shipped,28,35
624,16-12-2023,220,Delivered,239,27
625,21-07-2024,118,Delivered,331,13
626,18-01-2024,161,Delivered,342,1
627,06-02-2024,75,In Transit,479,39
628,15-08-2024,418,Processing,445,10
629,12-11-2024,809,In Transit,174,42
630,26-05-2023,229,Delivered,493,42
631,30-07-2023,311,Processing,185,32
632,21-11-2024,422,Delivered,305,28
633,03-03-2023,425,In Transit,431,24
634,25-09-2024,293,Delivered,43,22
635,12-10-2023,50,Shipped,368,50
636,20-07-2024,5,In Transit,382,49
637,10-05-2024,434,Delivered,35,14
638,30-11-2023,955,Delivered,149,12
639,19-02-2023,289,In Transit,130,3
640,14-11-2024,35,In Transit,291,23
641,03-03-2023,392,In Transit,468,23
642,01-01-2023,389,Shipped,405,25
643,24-04-2023,595,Shipped,447,31
644,24-12-2024,405,Shipped,433,18
645,04-03-2024,891,Shipped,148,46
646,04-05-2024,526,In Transit,157,33
647,12-03-2023,431,Shipped,368,50
648,05-01-2023,286,Processing,292,23
649,07-02-2023,286,Processing,387,50
650,09-04-2023,218,Processing,246,5
651,10-08-2024,370,Processing,258,45
652,17-03-2024,708,Shipped,277,22
653,28-01-2024,360,Processing,493,42
654,04-07-2023,591,Shipped,408,50
655,24-06-2023,493,Delivered,447,31
656,05-11-2024,485,In Transit,435,4
657,04-10-2024,306,Processing,468,23
658,26-06-2023,910,Shipped,152,4
659,30-04-2023,718,Processing,427,35
660,12-10-2024,963,Shipped,159,41
661,19-04-2023,639,Shipped,282,27
662,04-07-2024,804,In Transit,93,23
663,23-04-2024,112,In Transit,357,4
664,18-12-2023,290,In Transit,56,3
665,27-08-2023,877,Delivered,399,45
666,29-10-2023,887,Delivered,15,46
667,01-11-2023,701,Delivered,218,35
668,25-10-2024,594,Shipped,347,31
669,17-11-2024,691,Delivered,180,24
670,14-05-2023,862,Shipped,347,31
671,10-05-2023,916,In Transit,385,9
672,15-01-2023,963,Shipped,88,19
673,05-01-2024,171,Shipped,130,3
674,22-06-2023,664,Delivered,351,23
675,31-12-2023,738,Delivered,401,37
676,28-11-2023,485,Processing,490,4
677,11-10-2024,328,Delivered,327,50
678,05-08-2024,217,In Transit,116,26
679,29-04-2024,473,Processing,126,1
680,18-05-2024,866,In Transit,24,37
681,25-07-2023,921,Delivered,103,9
682,18-05-2023,981,Shipped,38,6
683,03-09-2023,431,Shipped,292,23
684,30-05-2024,326,Delivered,389,2
685,27-02-2023,468,Delivered,388,13
686,25-12-2024,102,Delivered,389,2
687,31-07-2023,46,Delivered,1,37
688,05-11-2024,664,Shipped,44,16
689,15-08-2023,828,Delivered,256,16
690,29-03-2024,542,Processing,140,23
691,23-01-2024,813,Shipped,288,32
692,10-08-2024,221,Processing,400,1
693,22-10-2024,221,In Transit,372,45
694,23-03-2023,315,Processing,269,49
695,11-12-2024,511,Delivered,20,14
696,24-12-2023,80,In Transit,242,7
697,21-08-2024,813,Delivered,11,38
698,18-05-2024,853,Delivered,51,31
699,21-01-2024,247,Processing,195,35
700,20-07-2023,545,Processing,433,18
701,10-12-2024,687,Processing,186,30
702,24-08-2024,134,Delivered,184,43
703,14-05-2024,829,Shipped,480,40
704,15-07-2023,478,Delivered,454,38
705,01-10-2024,563,Delivered,365,15
706,06-07-2024,55,Shipped,14,19
707,02-05-2024,505,Shipped,97,10
708,14-10-2023,895,Delivered,145,44
709,13-03-2024,667,Shipped,459,25
710,14-11-2023,295,Shipped,95,13
711,09-07-2023,169,In Transit,176,3
712,20-03-2024,637,In Transit,237,38
713,30-08-2024,130,Shipped,73,21
714,07-04-2023,355,In Transit,40,16
715,04-09-2023,444,Shipped,55,18
716,06-06-2023,413,Processing,404,3
717,19-06-2023,310,Delivered,93,23
718,18-06-2024,758,Processing,157,33
719,13-07-2023,169,In Transit,131,16
720,08-01-2024,425,In Transit,248,4
721,21-05-2024,952,Processing,273,7
722,07-04-2023,217,Processing,113,30
723,04-01-2023,239,Processing,237,38
724,16-01-2023,41,In Transit,142,4
725,17-04-2023,407,In Transit,493,42
726,03-12-2024,953,Delivered,483,13
727,24-06-2024,81,Shipped,253,28
728,29-07-2024,671,Shipped,480,40
729,05-04-2024,236,Processing,223,7
730,09-07-2023,668,In Transit,442,28
731,24-03-2023,36,Shipped,455,33
732,21-11-2024,532,Shipped,218,35
733,07-08-2023,574,In Transit,388,13
734,04-11-2024,911,Delivered,166,20
735,03-05-2023,70,In Transit,455,33
736,07-04-2023,272,In Transit,344,36
737,15-05-2023,685,Delivered,499,18
738,20-05-2023,40,Processing,38,6
739,18-04-2024,632,Shipped,15,46
740,10-01-2023,309,Delivered,330,43
741,21-04-2023,957,In Transit,149,12
742,14-08-2024,780,In Transit,337,2
743,08-06-2024,261,In Transit,149,12
744,20-07-2023,727,In Transit,118,7
745,11-02-2024,480,In Transit,201,37
746,22-05-2023,939,Shipped,37,14
747,18-01-2023,816,Shipped,422,50
748,10-03-2023,225,Delivered,55,18
749,19-12-2024,945,Shipped,145,44
750,28-08-2024,586,In Transit,287,7
751,10-10-2024,283,Delivered,359,29
752,05-09-2024,691,Delivered,59,19
753,19-08-2023,722,Delivered,40,16
754,12-08-2023,939,Processing,465,16
755,04-03-2023,548,Shipped,459,25
756,21-01-2024,551,Delivered,213,16
757,27-06-2024,433,In Transit,150,42
758,17-11-2023,437,Processing,440,6
759,13-02-2024,754,Shipped,324,32
760,27-04-2023,116,Processing,27,34
761,07-08-2023,507,Delivered,55,18
762,19-09-2023,246,Processing,97,10
763,09-04-2023,138,Shipped,220,35
764,14-05-2024,843,Shipped,7,39
765,03-04-2023,347,Shipped,81,26
766,24-09-2024,928,In Transit,311,43
767,07-11-2024,81,Shipped,254,29
768,06-05-2023,958,In Transit,386,19
769,17-02-2024,606,Delivered,50,6
770,14-10-2023,641,Delivered,451,24
771,30-06-2023,744,In Transit,475,19
772,18-10-2024,681,Processing,215,1
773,19-07-2023,393,Delivered,239,27
774,28-11-2023,681,Processing,299,44
775,27-07-2024,897,Delivered,237,38
776,16-03-2024,383,In Transit,274,37
777,06-04-2024,190,Shipped,408,50
778,24-08-2023,813,Processing,388,13
779,23-08-2024,681,Delivered,117,41
780,30-06-2023,908,Delivered,164,26
781,25-12-2024,606,Processing,208,19
782,10-10-2024,930,In Transit,25,13
783,02-01-2024,118,Shipped,93,23
784,27-03-2023,832,Processing,129,5
785,17-07-2024,660,In Transit,385,9
786,28-09-2023,477,Shipped,62,44
787,28-02-2023,472,Shipped,99,35
788,02-01-2023,534,Processing,264,33
789,24-03-2023,232,Processing,481,34
790,22-01-2023,744,Processing,50,6
791,24-06-2024,21,In Transit,489,37
792,18-09-2024,96,Processing,383,18
793,30-11-2024,726,Delivered,270,31
794,01-04-2024,542,Delivered,416,20
795,28-05-2023,296,In Transit,222,16
796,27-10-2024,27,Processing,388,13
797,01-05-2023,515,In Transit,125,16
798,22-10-2024,726,Delivered,294,8
799,07-12-2023,678,Delivered,397,34
800,30-09-2023,100,Shipped,39,6
801,16-02-2024,311,Shipped,194,5
802,09-08-2024,337,In Transit,480,40
803,04-02-2024,455,In Transit,378,37
804,31-07-2023,837,Shipped,273,7
805,11-03-2024,786,Processing,310,26
806,16-06-2023,920,Shipped,28,35
807,13-10-2023,77,In Transit,152,4
808,19-04-2023,289,Shipped,76,8
809,18-11-2024,603,Shipped,357,4
810,28-03-2023,404,In Transit,175,33
811,29-02-2024,706,Delivered,207,46
812,10-05-2024,110,Shipped,135,48
813,05-06-2023,694,Delivered,265,25
814,21-05-2023,418,Shipped,289,9
815,30-10-2024,965,Shipped,299,44
816,08-05-2023,112,Shipped,246,5
817,08-04-2024,701,Delivered,39,6
818,07-02-2023,935,Delivered,30,30
819,13-01-2024,839,Processing,32,48
820,18-11-2023,847,Processing,285,7
821,14-05-2023,851,In Transit,380,13
822,27-07-2024,743,In Transit,91,35
823,24-07-2024,705,Processing,48,10
824,25-05-2023,31,Processing,449,24
825,10-06-2023,758,Shipped,357,4
826,28-02-2023,454,In Transit,191,35
827,24-08-2024,782,Shipped,214,12
828,26-09-2023,684,Processing,57,14
829,25-07-2023,297,Delivered,13,17
830,10-04-2023,271,Shipped,188,35
831,16-01-2023,509,Processing,148,46
832,22-10-2023,945,Shipped,40,16
833,12-03-2023,369,Processing,64,21
834,26-02-2023,719,In Transit,95,13
835,30-05-2024,941,In Transit,332,11
836,30-11-2024,855,In Transit,401,37
837,22-12-2024,403,Shipped,209,1
838,29-10-2023,860,Processing,280,38
839,22-01-2023,247,Processing,84,5
840,17-08-2024,534,In Transit,17,19
841,21-06-2023,846,In Transit,214,12
842,19-09-2023,137,Delivered,368,50
843,01-10-2023,455,Processing,388,13
844,10-04-2023,595,Delivered,330,43
845,06-02-2024,816,In Transit,316,32
846,23-09-2023,652,Shipped,438,1
847,29-11-2024,847,In Transit,280,38
848,13-04-2023,709,Shipped,286,46
849,22-09-2023,200,Processing,164,26
850,27-04-2023,365,Delivered,232,33
851,04-11-2023,561,Processing,283,35
852,10-05-2023,776,Delivered,381,48
853,12-06-2023,523,Shipped,440,6
854,06-07-2024,945,Shipped,277,22
855,28-12-2023,804,Shipped,276,47
856,19-05-2024,347,Processing,436,7
857,09-09-2024,160,Delivered,57,14
858,27-07-2024,364,Delivered,113,30
859,07-06-2024,139,Processing,431,24
860,11-10-2024,332,In Transit,235,9
861,13-07-2024,457,Shipped,398,31
862,29-04-2023,534,Delivered,38,6
863,06-06-2024,321,Processing,206,1
864,19-05-2024,333,In Transit,115,49
865,03-08-2023,993,In Transit,73,21
866,02-12-2024,486,Delivered,143,31
867,26-02-2024,211,In Transit,91,35
868,01-05-2024,172,Processing,404,3
869,24-03-2023,238,Shipped,457,12
870,16-01-2024,238,Delivered,290,34
871,23-07-2024,253,Delivered,43,22
872,11-04-2024,809,In Transit,106,42
873,30-12-2023,167,In Transit,146,35
874,22-04-2024,248,In Transit,466,40
875,03-07-2023,158,Shipped,242,7
876,04-04-2023,230,In Transit,455,33
877,03-07-2024,92,In Transit,247,48
878,12-12-2024,796,Shipped,182,7
879,27-04-2024,108,Delivered,278,10
880,13-07-2024,474,Delivered,190,50
881,20-03-2024,71,Processing,42,46
882,21-08-2024,654,Processing,423,39
883,25-03-2023,957,Processing,492,23
884,06-04-2023,244,In Transit,57,14
885,30-10-2024,492,Delivered,445,10
886,18-12-2023,792,Shipped,211,37
887,05-02-2024,409,In Transit,176,3
888,10-04-2023,808,Processing,491,44
889,18-04-2023,687,Delivered,40,16
890,29-03-2024,606,Processing,192,13
891,19-08-2023,107,Shipped,148,46
892,19-05-2023,835,Shipped,45,40
893,04-11-2023,827,Shipped,330,43
894,04-08-2024,854,Shipped,226,2
895,24-01-2024,255,Shipped,103,9
896,22-07-2023,769,Shipped,265,25
897,10-03-2023,557,In Transit,239,27
898,28-09-2023,742,Processing,208,19
899,13-11-2024,900,Processing,406,46
900,22-01-2023,186,In Transit,153,3
901,09-02-2023,519,Processing,2,41
902,04-02-2023,540,Delivered,167,14
903,29-09-2023,14,In Transit,31,41
904,27-08-2024,794,In Transit,34,5
905,22-01-2024,824,Processing,287,7
906,21-07-2023,906,Processing,186,30
907,12-07-2023,574,Shipped,117,41
908,07-07-2024,14,Processing,368,50
909,04-06-2024,331,Delivered,372,45
910,14-01-2024,738,In Transit,121,47
911,12-09-2024,355,Delivered,356,33
912,12-02-2023,44,Shipped,192,13
913,30-08-2023,118,Processing,431,24
914,11-01-2024,395,In Transit,16,45
915,11-09-2024,937,Delivered,325,21
916,16-10-2024,542,Processing,79,38
917,26-12-2023,116,Shipped,228,25
918,22-06-2023,823,In Transit,227,34
919,26-02-2024,522,Processing,199,49
920,27-09-2024,265,Processing,266,2
921,10-08-2023,257,In Transit,441,34
922,08-09-2023,575,Shipped,65,19
923,22-10-2023,431,Delivered,404,3
924,22-01-2024,387,Delivered,110,9
925,26-01-2023,343,Processing,407,31
926,31-08-2023,278,Delivered,90,20
927,19-05-2023,137,Processing,290,34
928,11-07-2023,220,Processing,481,34
929,13-03-2023,292,Delivered,283,35
930,09-09-2024,779,Shipped,196,20
931,09-03-2024,816,Delivered,333,28
932,17-10-2024,450,Shipped,260,28
933,15-12-2024,899,Delivered,492,23
934,16-06-2024,854,Shipped,2,41
935,16-02-2023,351,Shipped,110,9
936,09-03-2023,924,Processing,158,32
937,17-09-2024,18,In Transit,415,45
938,24-12-2024,209,Processing,65,19
939,16-02-2023,404,Processing,271,46
940,22-06-2024,610,Processing,93,23
941,23-01-2023,664,Delivered,40,16
942,02-04-2024,134,In Transit,251,35
943,22-06-2023,486,Shipped,279,49
944,20-08-2024,548,In Transit,41,28
945,25-06-2024,925,Shipped,9,14
946,16-06-2024,546,Processing,50,6
947,27-03-2024,793,Delivered,317,40
948,06-12-2023,135,Processing,457,12
949,16-08-2024,952,In Transit,181,19
950,22-09-2024,983,Processing,324,32
951,14-05-2023,214,In Transit,18,6
952,08-09-2024,529,Processing,308,19
953,22-02-2024,974,Processing,247,48
954,18-05-2023,360,Delivered,187,26
955,31-07-2023,912,Delivered,50,6
956,17-11-2024,780,Processing,32,48
957,26-06-2023,338,In Transit,75,40
958,27-08-2023,253,Delivered,484,15
959,20-07-2024,938,Delivered,392,30
960,27-07-2024,484,Processing,276,47
961,21-11-2023,346,Delivered,366,25
962,19-04-2023,312,In Transit,104,13
963,21-06-2023,583,Processing,94,13
964,30-06-2024,221,Delivered,208,19
965,04-11-2024,824,Delivered,169,29
966,05-04-2024,399,Shipped,487,16
967,13-07-2023,581,Delivered,59,19
968,06-07-2023,703,Processing,350,8
969,16-01-2024,251,In Transit,351,23
970,25-07-2023,768,In Transit,388,13
971,05-07-2023,155,Processing,181,19
972,16-02-2024,886,Delivered,152,4
973,30-11-2023,162,In Transit,269,49
974,03-05-2024,94,Shipped,437,10
975,14-09-2024,512,Shipped,474,16
976,22-02-2024,931,Shipped,175,33
977,06-12-2023,899,In Transit,349,6
978,01-06-2024,358,Processing,200,10
979,10-04-2023,547,Delivered,138,37
980,31-08-2023,852,Shipped,41,28
981,09-10-2024,578,Delivered,444,39
982,10-06-2023,561,Shipped,418,18
983,13-04-2023,869,Processing,256,16
984,06-02-2023,439,Shipped,317,40
985,14-03-2024,965,Shipped,191,35
986,11-01-2024,701,In Transit,77,22
987,21-12-2023,395,Shipped,400,1
988,19-11-2023,687,Shipped,60,10
989,09-09-2023,513,Processing,247,48
990,11-08-2024,936,Processing,223,7
991,02-06-2023,967,In Transit,400,1
992,02-11-2024,406,Delivered,203,17
993,10-05-2023,961,In Transit,189,18
994,16-11-2023,830,In Transit,384,7
995,26-12-2024,900,In Transit,100,10
996,20-05-2023,342,Delivered,280,38
997,04-03-2024,691,Processing,406,46
998,19-04-2023,806,Processing,285,7
999,14-09-2023,922,Processing,441,34
1000,23-03-2023,21,Delivered,27,34
1001,23-04-2024,967,Delivered,167,14
1002,05-11-2024,710,Shipped,216,1
1003,28-08-2023,505,Shipped,84,5
1004,27-11-2024,887,Shipped,290,34
1005,25-06-2023,987,Shipped,212,50
1006,24-09-2023,960,Shipped,139,27
1007,30-08-2023,281,Shipped,63,49
1008,24-09-2023,676,Delivered,120,42
1009,30-04-2023,7,Delivered,14,19
1010,12-08-2024,414,In Transit,127,34
1011,11-03-2024,985,Processing,124,23
1012,05-08-2024,320,In Transit,31,41
1013,19-02-2023,263,Delivered,454,38
1014,29-11-2023,502,Shipped,83,43
1015,22-10-2024,538,Delivered,98,15
1016,02-06-2023,170,Processing,389,2
1017,06-02-2023,987,Processing,257,20
1018,16-04-2023,194,Shipped,368,50
1019,10-04-2023,749,Shipped,173,28
1020,19-08-2024,88,Processing,409,1
1021,24-06-2023,311,Processing,19,30
1022,09-12-2024,537,Processing,480,40
1023,09-03-2024,570,Shipped,231,38
1024,21-09-2023,269,In Transit,306,26
1025,15-07-2024,346,In Transit,168,48
1026,05-05-2024,697,Processing,283,35
1027,20-12-2023,960,Shipped,471,18
1028,01-03-2023,354,Processing,447,31
1029,21-03-2023,605,Delivered,239,27
1030,18-08-2023,547,Delivered,28,35
1031,05-08-2023,612,Shipped,25,13
1032,28-02-2023,698,Shipped,391,43
1033,02-09-2023,483,Processing,79,38
1034,24-08-2023,957,Processing,345,26
1035,24-03-2023,656,Delivered,387,50
1036,22-04-2023,254,Shipped,224,32
1037,29-09-2023,771,In Transit,157,33
1038,15-05-2023,770,Delivered,317,40
1039,24-04-2024,148,In Transit,191,35
1040,02-11-2023,12,Processing,208,19
1041,03-05-2023,471,Processing,213,16
1042,13-03-2023,36,Processing,493,42
1043,08-07-2023,752,Delivered,47,19
1044,08-11-2024,991,Shipped,252,17
1045,18-06-2023,859,Delivered,149,12
1046,23-07-2024,852,Processing,3,47
1047,18-06-2023,606,Delivered,110,9
1048,07-04-2024,287,Delivered,50,6
1049,23-02-2024,842,Processing,337,2
1050,16-04-2023,351,In Transit,65,19
1051,11-05-2023,999,Shipped,473,16
1052,01-11-2023,823,Processing,393,19
1053,03-09-2023,862,In Transit,44,16
1054,25-08-2024,864,In Transit,274,37
1055,08-06-2023,316,In Transit,257,20
1056,21-02-2023,952,Processing,406,46
1057,24-01-2024,465,Processing,7,39
1058,10-02-2023,37,In Transit,110,9
1059,19-01-2024,150,Processing,144,48
1060,14-09-2024,75,In Transit,298,48
1061,27-12-2024,923,In Transit,436,7
1062,20-07-2024,806,Processing,428,28
1063,14-03-2023,269,In Transit,7,39
1064,10-03-2023,197,Delivered,454,38
1065,08-02-2023,737,Delivered,86,38
1066,02-01-2024,664,In Transit,96,49
1067,18-06-2024,33,Shipped,144,48
1068,13-08-2023,561,Processing,222,16
1069,19-10-2024,975,In Transit,205,32
1070,26-01-2023,144,Delivered,109,43
1071,16-03-2024,195,Processing,468,23
1072,20-11-2024,927,Shipped,278,10
1073,10-02-2023,657,Shipped,480,40
1074,09-07-2024,636,Shipped,138,37
1075,31-03-2023,347,Processing,105,4
1076,04-09-2023,135,Processing,190,50
1077,03-08-2024,664,In Transit,172,23
1078,03-06-2023,77,Shipped,53,34
1079,29-05-2023,77,Delivered,17,19
1080,27-05-2023,830,Processing,309,44
1081,02-03-2024,247,Shipped,92,34
1082,11-02-2024,712,Shipped,50,6
1083,12-04-2024,318,In Transit,350,8
1084,11-01-2023,26,Processing,360,13
1085,20-05-2024,906,In Transit,73,21
1086,20-05-2023,936,In Transit,58,27
1087,17-06-2023,554,In Transit,342,1
1088,22-06-2024,529,Delivered,418,18
1089,03-05-2023,800,Processing,114,37
1090,10-03-2023,441,Processing,367,40
1091,14-07-2023,387,Delivered,374,12
1092,28-10-2024,92,Processing,244,29
1093,16-07-2024,558,Shipped,83,43
1094,26-06-2024,788,Delivered,64,21
1095,03-10-2024,552,In Transit,257,20
1096,28-12-2023,993,Delivered,241,16
1097,19-02-2024,983,Delivered,93,23
1098,21-07-2024,842,Processing,76,8
1099,20-04-2023,274,In Transit,455,33
1100,04-04-2023,900,Shipped,469,16
1101,05-09-2023,133,Processing,370,26
1102,14-10-2023,490,Shipped,35,14
1103,10-09-2023,212,In Transit,211,37
1104,10-10-2023,267,In Transit,492,23
1105,19-06-2023,958,Shipped,473,16
1106,10-11-2023,98,Processing,123,3
1107,27-04-2024,262,Delivered,236,7
1108,15-06-2024,96,In Transit,16,45
1109,29-04-2023,56,Shipped,475,19
1110,23-12-2023,829,In Transit,233,10
1111,30-08-2023,451,Delivered,366,25
1112,04-11-2023,794,Delivered,239,27
1113,22-02-2023,63,Shipped,122,26
1114,20-11-2023,782,Delivered,485,34
1115,29-03-2024,223,Processing,344,36
1116,05-10-2024,922,Shipped,84,5
1117,10-06-2023,345,Delivered,46,35
1118,28-06-2024,777,Delivered,342,1
1119,22-12-2024,98,Processing,91,35
1120,22-12-2024,684,Shipped,233,10
1121,03-11-2024,354,Processing,4,13
1122,11-07-2024,467,Shipped,197,23
1123,01-02-2024,162,Processing,462,29
1124,05-09-2023,255,Processing,433,18
1125,24-05-2024,444,Shipped,322,19
1126,10-01-2024,600,Processing,353,19
1127,23-07-2024,792,Shipped,114,37
1128,13-11-2024,592,Delivered,359,29
1129,12-07-2023,66,Delivered,412,3
1130,28-02-2023,122,In Transit,419,2
1131,27-09-2024,220,In Transit,210,42
1132,16-07-2023,879,Delivered,441,34
1133,08-12-2024,33,In Transit,164,26
1134,18-05-2024,588,Delivered,235,9
1135,19-07-2024,939,In Transit,6,15
1136,28-01-2023,214,Delivered,489,37
1137,01-03-2024,757,Shipped,412,3
1138,16-10-2024,277,Processing,244,29
1139,15-06-2024,397,In Transit,453,35
1140,18-02-2023,822,In Transit,145,44
1141,12-11-2023,784,Processing,226,2
1142,16-07-2023,489,Shipped,274,37
1143,05-11-2023,427,In Transit,434,48
1144,11-08-2023,595,In Transit,448,9
1145,15-09-2023,354,In Transit,36,34
1146,12-08-2023,301,In Transit,459,25
1147,28-01-2024,408,Delivered,47,19
1148,13-02-2023,614,Delivered,295,5
1149,23-04-2023,503,In Transit,218,35
1150,24-05-2023,337,Processing,168,48
1151,06-07-2023,920,Processing,82,4
1152,30-01-2024,803,Shipped,204,24
1153,28-01-2024,470,Processing,136,21
1154,08-09-2024,302,Processing,268,43
1155,06-05-2023,920,Shipped,350,8
1156,02-04-2023,370,Shipped,102,19
1157,03-02-2024,36,Delivered,28,35
1158,02-08-2024,988,In Transit,342,1
1159,22-03-2023,618,Delivered,207,46
1160,11-08-2024,298,Shipped,246,5
1161,13-04-2023,32,Shipped,162,7
1162,18-01-2023,426,Processing,248,4
1163,13-11-2024,968,Delivered,455,33
1164,27-08-2024,936,Shipped,368,50
1165,30-10-2023,649,Processing,189,18
1166,21-05-2024,480,Processing,445,10
1167,04-09-2024,393,Delivered,492,23
1168,15-07-2024,526,Shipped,224,32
1169,19-08-2024,624,Processing,274,37
1170,29-11-2023,282,Delivered,264,33
1171,30-11-2023,631,Delivered,426,24
1172,29-06-2024,300,Delivered,135,48
1173,30-04-2024,176,Shipped,102,19
1174,01-03-2023,809,Delivered,316,32
1175,17-12-2024,894,Shipped,74,40
1176,28-08-2024,98,In Transit,282,27
1177,30-09-2023,281,Processing,444,39
1178,25-06-2023,748,Delivered,435,4
1179,03-07-2023,430,In Transit,461,17
1180,13-09-2024,632,In Transit,284,43
1181,31-01-2024,495,Shipped,1,37
1182,30-03-2023,706,Processing,171,29
1183,27-01-2023,263,Delivered,479,39
1184,05-07-2024,726,Shipped,355,11
1185,17-02-2024,925,Processing,274,37
1186,15-05-2023,576,In Transit,36,34
1187,22-09-2023,71,Shipped,439,41
1188,04-12-2023,781,Delivered,66,12
1189,05-02-2024,280,Shipped,300,28
1190,04-10-2024,908,Processing,434,48
1191,07-03-2024,275,Processing,89,22
1192,22-06-2024,852,Shipped,65,19
1193,17-10-2023,550,Shipped,391,43
1194,02-02-2024,393,Delivered,30,30
1195,17-03-2024,702,Delivered,461,17
1196,01-10-2024,844,Delivered,207,46
1197,22-08-2023,260,Shipped,408,50
1198,19-12-2023,217,Shipped,56,3
1199,12-04-2023,210,In Transit,242,7
1200,16-07-2023,405,Shipped,379,24
1201,22-03-2024,403,Processing,282,27
1202,31-07-2023,143,In Transit,112,39
1203,08-03-2024,631,Delivered,385,9
1204,15-04-2023,149,Shipped,468,23
1205,08-10-2024,147,Shipped,365,15
1206,22-02-2023,404,Delivered,467,42
1207,30-05-2024,462,Processing,6,15
1208,30-01-2024,993,Processing,48,10
1209,13-01-2024,935,Shipped,374,12
1210,11-12-2024,555,In Transit,421,29
1211,03-06-2024,185,Processing,200,10
1212,18-03-2023,329,In Transit,222,16
1213,29-04-2023,822,Processing,9,14
1214,13-11-2024,575,Delivered,483,13
1215,18-07-2023,227,In Transit,144,48
1216,14-12-2023,818,Processing,328,12
1217,26-06-2024,125,Shipped,103,9
1218,18-11-2023,100,Shipped,241,16
1219,15-12-2024,975,Processing,87,3
1220,21-01-2024,464,Shipped,158,32
1221,03-08-2023,387,Delivered,208,19
1222,12-01-2023,447,In Transit,451,24
1223,13-02-2023,154,Delivered,496,1
1224,11-05-2023,4,Delivered,351,23
1225,12-06-2023,728,Shipped,130,3
1226,19-06-2023,678,Processing,20,14
1227,03-10-2024,772,Delivered,358,20
1228,22-11-2024,536,Delivered,7,39
1229,28-05-2024,925,In Transit,273,7
1230,18-03-2023,190,Processing,271,46
1231,13-05-2024,944,Processing,25,13
1232,07-07-2023,522,Shipped,422,50
1233,30-04-2024,789,Processing,298,48
1234,19-10-2024,488,Processing,336,16
1235,19-02-2024,155,Processing,43,22
1236,02-02-2023,745,In Transit,13,17
1237,04-09-2023,493,Delivered,287,7
1238,11-02-2024,421,Shipped,230,21
1239,07-04-2024,464,Shipped,175,33
1240,20-05-2023,143,In Transit,57,14
1241,22-02-2023,639,In Transit,105,4
1242,03-02-2024,216,Processing,107,34
1243,25-01-2024,54,Processing,192,13
1244,07-01-2024,803,Processing,282,27
1245,19-06-2024,390,Shipped,61,39
1246,15-03-2023,660,Processing,475,19
1247,29-10-2023,958,Delivered,19,30
1248,21-12-2024,783,Processing,14,19
1249,21-03-2024,863,In Transit,392,30
1250,14-05-2024,730,In Transit,47,19
1251,31-12-2023,304,Processing,348,36
1252,31-05-2024,991,Processing,268,43
1253,06-09-2023,748,Delivered,130,3
1254,15-04-2024,215,In Transit,335,41
1255,28-03-2024,394,Shipped,376,12
1256,03-08-2023,212,Processing,66,12
1257,28-08-2024,163,Processing,402,39
1258,03-05-2024,220,Delivered,129,5
1259,23-07-2023,21,Processing,162,7
1260,05-03-2024,43,Delivered,328,12
1261,01-01-2024,811,Processing,75,40
1262,01-11-2023,154,Delivered,40,16
1263,29-12-2024,643,Shipped,372,45
1264,05-12-2023,327,In Transit,377,13
1265,22-07-2023,867,Shipped,345,26
1266,06-01-2024,219,In Transit,472,14
1267,12-02-2024,59,Processing,354,46
1268,30-11-2024,294,Processing,482,3
1269,17-07-2023,551,Shipped,219,28
1270,10-01-2023,553,Shipped,43,22
1271,27-07-2024,602,Shipped,77,22
1272,06-10-2023,807,Delivered,228,25
1273,25-03-2023,763,In Transit,376,12
1274,04-08-2023,82,In Transit,443,28
1275,03-07-2023,261,Delivered,52,22
1276,18-05-2024,907,In Transit,191,35
1277,03-02-2024,545,In Transit,357,4
1278,13-11-2023,928,Shipped,192,13
1279,21-03-2023,628,Shipped,345,26
1280,06-04-2023,998,Delivered,149,12
1281,03-05-2023,164,Delivered,290,34
1282,03-03-2023,491,Delivered,50,6
1283,14-05-2024,727,Shipped,330,43
1284,29-05-2023,856,Delivered,129,5
1285,25-01-2024,244,Delivered,472,14
1286,05-12-2023,844,In Transit,410,11
1287,05-12-2024,463,Shipped,422,50
1288,02-09-2023,870,Shipped,405,25
1289,08-03-2023,397,Processing,95,13
1290,16-09-2024,744,Shipped,345,26
1291,16-03-2024,146,Delivered,398,31
1292,08-10-2023,453,Delivered,14,19
1293,24-07-2023,130,Shipped,298,48
1294,22-06-2023,371,Shipped,407,31
1295,13-09-2023,389,Processing,356,33
1296,16-10-2023,296,Processing,306,26
1297,28-07-2024,167,Shipped,346,1
1298,09-01-2024,134,In Transit,171,29
1299,08-10-2024,15,Delivered,299,44
1300,30-10-2023,93,Shipped,17,19
1301,26-07-2024,932,In Transit,461,17
1302,09-02-2024,966,Shipped,74,40
1303,28-07-2023,221,Processing,358,20
1304,22-10-2023,915,Processing,139,27
1305,19-11-2024,595,Shipped,336,16
1306,14-07-2024,297,In Transit,308,19
1307,10-05-2023,33,Delivered,443,28
1308,17-06-2024,250,Delivered,145,44
1309,10-08-2023,653,Delivered,151,8
1310,14-02-2024,11,Delivered,493,42
1311,03-12-2023,530,Processing,167,14
1312,28-07-2023,94,Processing,419,2
1313,12-01-2024,767,Shipped,93,23
1314,05-04-2023,811,Processing,336,16
1315,31-03-2023,870,In Transit,338,46
1316,23-02-2023,268,In Transit,71,6
1317,15-10-2023,139,Processing,427,35
1318,19-10-2024,329,In Transit,329,30
1319,25-09-2023,270,Processing,305,28
1320,01-07-2023,991,In Transit,365,15
1321,28-12-2024,54,Shipped,144,48
1322,16-05-2024,739,Delivered,17,19
1323,15-03-2023,556,Shipped,393,19
1324,05-01-2024,493,Processing,409,1
1325,04-04-2023,725,Shipped,49,35
1326,19-11-2023,11,Shipped,291,23
1327,26-07-2023,770,In Transit,284,43
1328,29-03-2024,681,In Transit,144,48
1329,27-08-2023,885,Delivered,189,18
1330,20-11-2024,93,Delivered,189,18
1331,14-04-2023,624,Processing,330,43
1332,11-11-2023,887,In Transit,483,13
1333,29-01-2023,160,In Transit,310,26
1334,13-03-2024,523,Delivered,456,39
1335,12-03-2023,879,In Transit,83,43
1336,14-07-2024,528,Processing,38,6
1337,15-08-2023,214,Shipped,362,23
1338,07-05-2023,91,Shipped,336,16
1339,21-07-2023,195,Processing,255,25
1340,18-06-2023,229,Shipped,413,7
1341,01-07-2023,396,In Transit,185,32
1342,07-12-2024,895,Delivered,258,45
1343,04-04-2024,792,Delivered,5,30
1344,14-01-2023,891,In Transit,233,10
1345,05-01-2023,463,Delivered,81,26
1346,10-09-2023,438,In Transit,114,37
1347,24-09-2024,224,In Transit,483,13
1348,16-11-2024,60,In Transit,235,9
1349,12-12-2024,115,In Transit,4,13
1350,26-06-2023,780,In Transit,372,45
1351,08-04-2023,441,In Transit,214,12
1352,05-06-2024,341,Processing,291,23
1353,04-06-2023,746,Shipped,178,7
1354,06-11-2024,404,In Transit,157,33
1355,30-01-2024,684,Delivered,255,25
1356,22-12-2024,439,Processing,190,50
1357,01-09-2023,758,In Transit,63,49
1358,31-03-2023,297,In Transit,106,42
1359,08-11-2024,431,Shipped,281,48
1360,30-10-2024,305,In Transit,241,16
1361,19-03-2024,44,Delivered,143,31
1362,29-06-2024,295,Shipped,84,5
1363,25-09-2024,313,Delivered,339,27
1364,11-06-2024,865,Shipped,430,5
1365,06-02-2024,536,Shipped,189,18
1366,07-03-2023,791,Processing,64,21
1367,12-10-2023,729,Delivered,329,30
1368,21-01-2023,280,Delivered,146,35
1369,24-10-2023,328,Shipped,192,13
1370,19-12-2023,823,Shipped,135,48
1371,17-10-2024,19,Processing,123,3
1372,24-12-2023,903,In Transit,475,19
1373,19-03-2024,780,Delivered,162,7
1374,08-11-2023,239,Delivered,100,10
1375,11-07-2024,337,Shipped,357,4
1376,13-05-2024,77,Shipped,188,35
1377,08-02-2024,342,Processing,435,4
1378,20-08-2023,88,Processing,432,43
1379,22-03-2024,421,Delivered,386,19
1380,10-04-2023,798,Processing,100,10
1381,14-08-2023,722,Shipped,289,9
1382,03-04-2024,851,Delivered,416,20
1383,20-05-2024,576,Processing,62,44
1384,22-01-2024,296,Processing,335,41
1385,28-06-2023,460,Shipped,211,37
1386,15-05-2024,335,In Transit,308,19
1387,11-11-2023,236,Shipped,228,25
1388,11-01-2023,707,Delivered,129,5
1389,24-11-2023,326,Processing,115,49
1390,26-08-2023,455,Delivered,318,47
1391,01-07-2024,760,Delivered,126,1
1392,18-10-2024,917,Delivered,79,38
1393,22-12-2023,963,In Transit,122,26
1394,27-09-2024,858,Processing,345,26
1395,06-08-2023,675,Processing,241,16
1396,29-01-2023,838,In Transit,28,35
1397,05-09-2023,487,Delivered,371,41
1398,20-03-2024,680,Shipped,91,35
1399,13-07-2024,737,Processing,175,33
1400,05-04-2024,753,Shipped,469,16
1401,21-11-2023,671,Shipped,302,41
1402,21-04-2024,407,Shipped,369,49
1403,14-06-2024,645,Processing,129,5
1404,05-08-2023,179,In Transit,231,38
1405,11-10-2024,874,In Transit,278,10
1406,25-09-2024,191,Processing,70,15
1407,27-04-2023,34,In Transit,271,46
1408,02-03-2024,680,Delivered,349,6
1409,27-01-2024,252,Processing,21,3
1410,30-09-2024,522,In Transit,11,38
1411,18-05-2024,655,Processing,291,23
1412,25-03-2023,749,Shipped,417,49
1413,12-06-2023,904,Processing,261,5
1414,07-07-2023,307,Shipped,406,46
1415,16-08-2023,30,Shipped,424,46
1416,18-03-2023,676,In Transit,11,38
1417,18-05-2023,591,In Transit,114,37
1418,09-03-2023,915,In Transit,493,42
1419,05-11-2024,611,Processing,318,47
1420,06-11-2024,186,Shipped,86,38
1421,04-11-2023,645,Shipped,492,23
1422,11-07-2024,612,Processing,126,1
1423,25-10-2024,973,In Transit,400,1
1424,05-10-2024,316,Processing,310,26
1425,08-12-2024,140,In Transit,155,48
1426,24-09-2023,954,In Transit,350,8
1427,16-04-2023,241,Delivered,173,28
1428,09-12-2024,167,Delivered,239,27
1429,04-02-2024,464,Processing,182,7
1430,05-10-2023,83,Delivered,239,27
1431,26-02-2023,452,Processing,157,33
1432,26-09-2024,740,In Transit,7,39
1433,01-11-2024,880,Shipped,345,26
1434,25-08-2023,733,Processing,434,48
1435,01-04-2023,186,Delivered,452,39
1436,19-08-2023,62,In Transit,392,30
1437,27-11-2024,625,Shipped,232,33
1438,06-03-2024,878,Shipped,365,15
1439,06-12-2023,92,In Transit,475,19
1440,21-07-2023,28,Delivered,161,39
1441,16-06-2024,18,Delivered,494,31
1442,18-06-2024,735,Processing,430,5
1443,03-03-2023,382,Shipped,154,13
1444,19-12-2023,705,Shipped,215,1
1445,28-05-2023,754,In Transit,485,34
1446,11-01-2024,877,Shipped,471,18
1447,20-09-2023,427,Processing,293,3
1448,07-12-2024,452,Delivered,167,14
1449,23-03-2024,199,In Transit,380,13
1450,12-01-2023,342,Processing,156,11
1451,14-06-2023,563,Processing,67,46
1452,28-11-2023,612,Delivered,235,9
1453,08-05-2023,333,Processing,215,1
1454,18-02-2024,433,Shipped,201,37
1455,01-10-2023,714,Shipped,349,6
1456,02-04-2023,314,Shipped,115,49
1457,16-04-2023,371,Delivered,462,29
1458,24-04-2024,265,Shipped,225,48
1459,18-07-2023,589,Shipped,119,20
1460,22-03-2023,468,Processing,307,39
1461,26-01-2023,815,In Transit,42,46
1462,18-06-2024,826,Delivered,491,44
1463,13-11-2023,663,In Transit,200,10
1464,26-12-2024,780,Shipped,37,14
1465,30-12-2024,563,In Transit,86,38
1466,01-12-2023,111,In Transit,334,4
1467,17-07-2023,390,Shipped,84,5
1468,09-10-2024,370,Delivered,176,3
1469,17-06-2024,163,Delivered,329,30
1470,24-04-2023,741,Shipped,254,29
1471,06-01-2024,822,Processing,404,3
1472,16-12-2024,746,Delivered,249,35
1473,18-09-2024,2,Delivered,338,46
1474,02-03-2024,796,In Transit,91,35
1475,06-04-2023,48,Processing,196,20
1476,07-04-2023,758,Processing,99,35
1477,23-05-2023,828,Shipped,437,10
1478,21-05-2024,503,In Transit,269,49
1479,05-11-2024,587,Delivered,93,23
1480,25-08-2023,533,In Transit,280,38
1481,01-12-2023,845,Delivered,214,12
1482,27-06-2023,537,In Transit,398,31
1483,24-04-2024,261,Shipped,215,1
1484,06-02-2023,29,In Transit,457,12
1485,06-01-2024,348,Shipped,247,48
1486,12-10-2024,880,Delivered,323,50
1487,16-08-2024,686,Delivered,474,16
1488,05-06-2024,89,In Transit,372,45
1489,06-12-2024,960,Processing,491,44
1490,28-05-2023,711,Delivered,413,7
1491,25-04-2023,616,In Transit,42,46
1492,27-01-2023,520,Shipped,27,34
1493,07-06-2023,184,Shipped,371,41
1494,14-05-2024,409,In Transit,217,27
1495,10-10-2023,852,Delivered,11,38
1496,04-03-2024,849,Delivered,446,22
1497,01-01-2024,61,Delivered,459,25
1498,27-07-2023,677,Processing,136,21
1499,26-12-2023,337,Delivered,145,44
1500,04-01-2023,775,Shipped,396,4
1501,02-02-2024,118,Delivered,402,39
1502,29-05-2023,284,Delivered,411,3
1503,26-11-2024,806,In Transit,171,29
1504,16-10-2024,7,Delivered,354,46
1505,28-01-2023,523,Processing,269,49
1506,14-10-2023,497,Processing,65,19
1507,02-12-2023,356,Processing,243,21
1508,27-12-2023,101,Delivered,312,31
1509,24-06-2024,487,Delivered,355,11
1510,12-10-2023,680,Processing,435,4
1511,03-02-2023,168,Delivered,72,10
1512,13-02-2024,176,Delivered,434,48
1513,02-12-2023,816,In Transit,114,37
1514,03-04-2024,1,Processing,425,44
1515,03-11-2024,2,Delivered,178,7
1516,18-12-2024,418,Shipped,282,27
1517,19-05-2023,256,Shipped,376,12
1518,26-06-2023,70,Shipped,59,19
1519,07-06-2023,294,Delivered,351,23
1520,02-07-2024,186,Processing,306,26
1521,13-04-2024,64,Delivered,371,41
1522,15-06-2023,906,Shipped,254,29
1523,28-06-2023,657,Delivered,44,16
1524,16-12-2024,603,Delivered,401,37
1525,12-02-2023,886,Delivered,279,49
1526,06-10-2024,676,In Transit,356,33
1527,16-03-2023,746,Processing,226,2
1528,13-04-2023,348,Processing,330,43
1529,21-03-2023,652,Processing,134,45
1530,04-05-2024,187,In Transit,184,43
1531,11-01-2024,622,Processing,2,41
1532,25-01-2023,528,Processing,477,49
1533,04-05-2024,366,In Transit,64,21
1534,21-06-2023,596,Delivered,331,13
1535,26-12-2024,688,In Transit,204,24
1536,03-02-2024,634,Shipped,376,12
1537,10-07-2023,423,Delivered,11,38
1538,06-07-2024,841,Processing,247,48
1539,01-11-2024,220,Shipped,305,28
1540,12-11-2024,562,Delivered,117,41
1541,12-01-2023,702,Delivered,379,24
1542,30-08-2023,841,Shipped,353,19
1543,30-04-2023,43,In Transit,303,46
1544,17-03-2023,812,Shipped,278,10
1545,11-04-2024,805,Shipped,476,50
1546,16-07-2024,675,In Transit,389,2
1547,26-08-2023,534,Processing,315,25
1548,17-08-2023,662,Shipped,378,37
1549,17-02-2024,559,Delivered,325,21
1550,18-02-2024,5,In Transit,388,13
1551,28-07-2024,834,Processing,459,25
1552,10-10-2023,883,In Transit,113,30
1553,18-09-2023,54,Delivered,279,49
1554,03-04-2024,866,Processing,118,7
1555,26-06-2023,763,Delivered,74,40
1556,04-02-2023,545,Processing,419,2
1557,16-02-2023,557,Processing,201,37
1558,08-08-2024,704,In Transit,199,49
1559,05-02-2024,513,Delivered,433,18
1560,01-08-2023,34,Processing,187,26
1561,24-11-2024,690,In Transit,124,23
1562,15-07-2024,128,Delivered,466,40
1563,03-11-2024,106,In Transit,115,49
1564,14-04-2024,619,Delivered,308,19
1565,05-12-2023,182,Shipped,129,5
1566,15-01-2023,945,Shipped,330,43
1567,19-10-2024,162,Delivered,15,46
1568,11-11-2023,748,Shipped,458,21
1569,12-08-2023,232,Delivered,457,12
1570,07-05-2024,925,In Transit,303,46
1571,30-11-2023,826,Shipped,326,46
1572,05-10-2024,161,Delivered,97,10
1573,17-11-2024,746,Processing,58,27
1574,25-07-2024,523,Shipped,125,16
1575,20-02-2024,748,Delivered,431,24
1576,20-08-2024,629,In Transit,45,40
1577,28-01-2023,30,Shipped,321,17
1578,17-07-2023,956,In Transit,158,32
1579,17-12-2024,724,Delivered,301,49
1580,26-08-2024,264,Delivered,363,18
1581,24-02-2023,181,Processing,344,36
1582,21-05-2024,845,Delivered,418,18
1583,11-04-2024,787,In Transit,267,14
1584,29-05-2023,614,Processing,26,30
1585,31-07-2023,537,Shipped,356,33
1586,23-08-2023,539,Delivered,301,49
1587,29-08-2024,290,In Transit,289,9
1588,18-10-2024,697,Delivered,2,41
1589,12-12-2024,3,In Transit,249,35
1590,06-11-2023,195,Shipped,478,9
1591,26-12-2023,794,Processing,181,19
1592,06-07-2024,11,Shipped,191,35
1593,30-08-2023,529,Processing,107,34
1594,20-10-2024,540,Processing,240,21
1595,24-03-2024,729,Shipped,112,39
1596,02-11-2023,745,Processing,191,35
1597,25-10-2023,149,Delivered,430,5
1598,20-05-2024,252,In Transit,120,42
1599,14-03-2023,681,In Transit,487,16
1600,25-05-2024,565,Processing,69,29
1601,23-05-2024,38,Processing,455,33
1602,23-11-2023,49,Delivered,294,8
1603,16-07-2023,110,Delivered,145,44
1604,06-01-2023,68,Delivered,190,50
1605,16-10-2023,51,Delivered,188,35
1606,15-12-2023,705,Delivered,246,5
1607,04-04-2024,331,Delivered,318,47
1608,25-02-2024,491,Delivered,54,47
1609,20-07-2024,6,Delivered,232,33
1610,06-07-2023,186,Processing,273,7
1611,11-12-2024,66,Shipped,31,41
1612,16-04-2024,278,Delivered,146,35
1613,24-11-2024,323,In Transit,39,6
1614,05-02-2023,601,In Transit,430,5
1615,13-07-2024,986,Processing,342,1
1616,10-12-2023,965,In Transit,285,7
1617,23-06-2024,868,Processing,56,3
1618,17-11-2023,651,Processing,306,26
1619,22-09-2023,195,Shipped,425,44
1620,06-10-2023,69,In Transit,318,47
1621,08-06-2024,902,In Transit,135,48
1622,12-09-2023,317,Shipped,111,3
1623,23-05-2023,472,Processing,433,18
1624,14-05-2023,537,Shipped,451,24
1625,21-05-2023,439,In Transit,21,3
1626,17-02-2024,343,In Transit,446,22
1627,14-09-2024,12,Processing,325,21
1628,01-07-2024,284,In Transit,250,25
1629,20-01-2023,837,Processing,425,44
1630,29-04-2024,248,Shipped,499,18
1631,23-08-2024,937,Shipped,497,4
1632,22-12-2024,501,Processing,14,19
1633,01-04-2023,156,In Transit,333,28
1634,12-09-2024,669,Shipped,375,3
1635,13-12-2023,977,Delivered,113,30
1636,15-02-2024,541,Delivered,360,13
1637,09-05-2023,962,Delivered,424,46
1638,12-09-2023,530,Processing,188,35
1639,16-11-2023,753,Shipped,156,11
1640,28-05-2023,732,Delivered,477,49
1641,05-03-2023,810,Processing,39,6
1642,04-04-2023,373,Processing,121,47
1643,13-12-2024,326,Processing,486,8
1644,17-08-2023,693,In Transit,261,5
1645,24-01-2024,647,Delivered,421,29
1646,22-04-2023,646,Processing,139,27
1647,30-06-2023,503,In Transit,155,48
1648,07-11-2024,649,Shipped,61,39
1649,31-03-2023,563,Delivered,389,2
1650,24-06-2024,413,Shipped,436,7
1651,31-10-2023,286,In Transit,163,46
1652,15-01-2024,678,In Transit,17,19
1653,11-03-2024,63,Processing,309,44
1654,12-07-2024,53,Processing,212,50
1655,26-10-2024,747,In Transit,72,10
1656,07-10-2023,226,Processing,461,17
1657,22-10-2024,251,Processing,394,37
1658,07-05-2023,701,Delivered,1,37
1659,14-10-2024,366,In Transit,371,41
1660,31-07-2024,379,Delivered,25,13
1661,10-04-2023,376,In Transit,337,2
1662,21-03-2024,15,Shipped,51,31
1663,24-02-2024,967,In Transit,8,18
1664,24-06-2023,778,Processing,285,7
1665,27-07-2023,976,In Transit,224,32
1666,15-10-2023,390,Processing,83,43
1667,08-09-2023,15,In Transit,493,42
1668,17-05-2024,314,In Transit,21,3
1669,18-03-2023,541,Processing,434,48
1670,26-01-2023,304,In Transit,88,19
1671,06-04-2023,295,Processing,197,23
1672,03-07-2023,526,In Transit,169,29
1673,26-02-2023,145,Processing,71,6
1674,25-04-2023,798,Shipped,161,39
1675,28-03-2024,980,Processing,30,30
1676,18-06-2023,460,In Transit,396,4
1677,19-10-2023,205,Processing,110,9
1678,24-10-2024,690,Delivered,339,27
1679,15-07-2024,74,Shipped,486,8
1680,17-06-2023,35,Delivered,109,43
1681,10-11-2023,169,Delivered,188,35
1682,28-05-2023,952,Shipped,309,44
1683,10-08-2024,384,In Transit,233,10
1684,07-12-2024,829,Processing,44,16
1685,12-07-2024,408,Processing,359,29
1686,16-12-2024,150,Shipped,409,1
1687,01-01-2023,226,Shipped,481,34
1688,01-08-2023,536,In Transit,109,43
1689,16-03-2024,922,In Transit,93,23
1690,15-05-2023,533,Processing,98,15
1691,12-02-2024,466,Shipped,343,23
1692,29-03-2024,925,Shipped,125,16
1693,06-11-2023,190,Shipped,383,18
1694,15-03-2023,800,In Transit,114,37
1695,01-02-2023,859,Shipped,75,40
1696,09-02-2024,364,Delivered,357,4
1697,10-11-2023,395,Shipped,45,40
1698,08-04-2024,544,Shipped,184,43
1699,12-07-2024,380,Processing,113,30
1700,25-01-2024,362,Shipped,256,16
1701,16-12-2023,915,Shipped,146,35
1702,28-07-2024,92,Processing,336,16
1703,12-06-2023,15,Processing,127,34
1704,06-09-2023,65,Delivered,7,39
1705,09-11-2024,807,Delivered,308,19
1706,26-02-2023,238,Delivered,20,14
1707,22-06-2023,355,Processing,349,6
1708,27-11-2023,66,Shipped,168,48
1709,21-06-2023,757,Processing,431,24
1710,07-01-2024,797,Processing,267,14
1711,16-10-2024,872,In Transit,11,38
1712,05-08-2024,841,Shipped,193,46
1713,05-10-2024,390,Shipped,266,2
1714,26-11-2024,568,In Transit,2,41
1715,23-07-2023,457,Delivered,440,6
1716,31-01-2023,431,Shipped,331,13
1717,29-01-2024,165,Delivered,150,42
1718,13-05-2023,206,Delivered,296,35
1719,13-04-2024,918,Processing,210,42
1720,30-03-2024,367,Processing,240,21
1721,21-10-2024,176,Delivered,368,50
1722,14-11-2024,135,Processing,120,42
1723,04-05-2024,321,In Transit,6,15
1724,10-04-2023,306,Shipped,55,18
1725,09-09-2024,376,Shipped,217,27
1726,25-05-2023,181,Delivered,157,33
1727,23-02-2024,436,Processing,433,18
1728,28-08-2024,543,Processing,240,21
1729,05-03-2023,873,Delivered,293,3
1730,08-10-2024,971,Processing,281,48
1731,14-03-2024,740,In Transit,368,50
1732,06-11-2023,149,Processing,464,23
1733,12-01-2024,195,Delivered,488,14
1734,19-03-2023,2,Delivered,402,39
1735,08-10-2023,895,In Transit,467,42
1736,12-04-2024,141,Delivered,200,10
1737,24-11-2023,146,Processing,310,26
1738,03-12-2023,518,Processing,106,42
1739,06-12-2023,895,Shipped,483,13
1740,23-07-2024,890,In Transit,270,31
1741,19-06-2023,981,Delivered,10,20
1742,11-10-2024,396,Delivered,330,43
1743,17-09-2024,302,Processing,414,31
1744,25-06-2023,212,In Transit,262,26
1745,17-09-2023,980,Delivered,34,5
1746,24-09-2023,961,Processing,417,49
1747,03-01-2023,299,Processing,229,27
1748,20-01-2024,907,Shipped,436,7
1749,04-02-2024,869,In Transit,273,7
1750,03-03-2023,435,In Transit,381,48
1751,27-01-2023,279,Shipped,13,17
1752,14-12-2024,626,Processing,496,1
1753,19-03-2024,423,In Transit,24,37
1754,09-11-2023,280,Delivered,346,1
1755,02-08-2023,292,Shipped,187,26
1756,10-04-2024,505,Processing,328,12
1757,25-08-2024,611,Shipped,19,30
1758,25-03-2023,944,In Transit,413,7
1759,17-09-2023,278,Delivered,302,41
1760,10-06-2024,204,Delivered,414,31
1761,29-12-2024,458,Delivered,331,13
1762,14-10-2024,139,Processing,2,41
1763,07-01-2024,706,Delivered,82,4
1764,19-11-2024,103,In Transit,132,23
1765,29-08-2023,877,In Transit,494,31
1766,08-04-2023,998,Processing,363,18
1767,29-12-2023,722,Shipped,12,32
1768,09-07-2023,269,Processing,48,10
1769,23-08-2024,118,Delivered,218,35
1770,14-09-2023,249,In Transit,96,49
1771,26-12-2023,514,Processing,165,7
1772,12-03-2023,651,Delivered,45,40
1773,04-11-2024,262,In Transit,301,49
1774,04-09-2023,684,Delivered,454,38
1775,12-05-2023,360,Shipped,114,37
1776,31-08-2024,335,Processing,214,12
1777,17-12-2024,718,In Transit,500,44
1778,07-04-2023,504,Processing,244,29
1779,19-10-2023,235,Delivered,128,22
1780,05-06-2023,947,Shipped,50,6
1781,29-06-2023,309,Shipped,401,37
1782,27-09-2024,759,Processing,29,50
1783,21-12-2024,382,Delivered,123,3
1784,20-01-2023,289,Processing,111,3
1785,04-07-2023,722,Delivered,247,48
1786,05-04-2023,353,Shipped,182,7
1787,09-08-2024,363,Processing,86,38
1788,06-08-2023,350,Delivered,3,47
1789,01-09-2024,930,In Transit,229,27
1790,25-05-2023,732,Processing,14,19
1791,22-04-2024,632,Delivered,251,35
1792,28-02-2024,53,Shipped,166,20
1793,01-03-2024,432,Processing,450,20
1794,22-07-2023,328,Processing,125,16
1795,12-07-2024,654,Processing,305,28
1796,11-02-2023,825,Delivered,467,42
1797,08-05-2024,623,In Transit,83,43
1798,06-09-2023,977,In Transit,182,7
1799,05-11-2023,788,Shipped,36,34
1800,05-08-2023,760,In Transit,294,8
1801,06-12-2023,868,In Transit,394,37
1802,15-02-2024,584,Delivered,33,14
1803,20-08-2024,204,Shipped,244,29
1804,10-01-2023,166,Shipped,375,3
1805,28-05-2024,449,Delivered,116,26
1806,18-06-2023,994,Shipped,454,38
1807,26-09-2024,721,Processing,186,30
1808,17-07-2024,860,In Transit,298,48
1809,01-10-2024,510,Shipped,455,33
1810,21-03-2024,330,In Transit,91,35
1811,12-07-2024,723,Delivered,473,16
1812,18-06-2023,276,In Transit,268,43
1813,20-10-2023,957,Delivered,100,10
1814,22-03-2023,861,Shipped,224,32
1815,23-02-2024,991,In Transit,9,14
1816,29-11-2023,347,Processing,115,49
1817,08-01-2023,951,Shipped,342,1
1818,09-01-2024,801,Processing,30,30
1819,04-01-2023,523,In Transit,165,7
1820,15-11-2024,530,Processing,38,6
1821,10-04-2024,184,Processing,33,14
1822,13-10-2023,449,In Transit,160,23
1823,30-09-2024,255,In Transit,294,8
1824,16-01-2023,89,Delivered,435,4
1825,01-10-2023,892,Delivered,138,37
1826,27-02-2024,862,Delivered,348,36
1827,16-03-2023,288,In Transit,173,28
1828,24-03-2023,391,In Transit,99,35
1829,16-07-2024,473,Processing,256,16
1830,23-06-2023,805,Shipped,295,5
1831,10-07-2023,236,In Transit,102,19
1832,04-07-2024,236,Delivered,325,21
1833,14-07-2024,542,Shipped,374,12
1834,02-09-2023,233,Delivered,65,19
1835,06-04-2024,894,Delivered,269,49
1836,21-01-2023,265,In Transit,37,14
1837,29-05-2023,548,Delivered,367,40
1838,16-06-2023,792,Processing,186,30
1839,09-12-2024,395,Processing,437,10
1840,27-11-2023,247,Delivered,76,8
1841,25-11-2023,755,Shipped,444,39
1842,01-06-2023,107,Processing,19,30
1843,03-12-2024,914,In Transit,342,1
1844,09-10-2023,928,Shipped,312,31
1845,21-02-2023,75,Processing,391,43
1846,09-10-2024,507,In Transit,268,43
1847,30-01-2024,861,Delivered,442,28
1848,06-03-2024,529,Processing,127,34
1849,19-04-2024,10,Shipped,382,49
1850,04-06-2023,357,Shipped,457,12
1851,10-08-2024,979,Shipped,470,26
1852,29-12-2023,151,Processing,312,31
1853,12-11-2024,398,In Transit,155,48
1854,17-03-2024,843,In Transit,209,1
1855,09-11-2024,382,Shipped,20,14
1856,21-08-2023,240,Shipped,304,40
1857,15-01-2023,951,Delivered,335,41
1858,21-05-2024,655,In Transit,337,2
1859,05-07-2023,623,In Transit,220,35
1860,02-08-2023,165,Processing,174,42
1861,29-07-2023,776,Shipped,329,30
1862,11-03-2024,639,Delivered,51,31
1863,05-02-2023,243,Delivered,88,19
1864,02-05-2024,420,In Transit,285,7
1865,18-07-2024,384,Processing,175,33
1866,31-03-2023,354,Shipped,456,39
1867,18-01-2023,208,In Transit,61,39
1868,20-12-2023,744,Delivered,303,46
1869,15-09-2024,702,Shipped,13,17
1870,01-10-2023,422,Shipped,332,11
1871,30-03-2023,730,Processing,325,21
1872,16-02-2023,644,In Transit,344,36
1873,09-01-2024,981,Processing,299,44
1874,12-08-2024,712,In Transit,189,18
1875,20-06-2024,785,Delivered,383,18
1876,30-08-2023,10,Processing,327,50
1877,03-07-2023,544,Processing,311,43
1878,29-04-2024,559,In Transit,106,42
1879,06-02-2024,227,In Transit,489,37
1880,08-10-2024,115,In Transit,117,41
1881,16-02-2024,122,Delivered,222,16
1882,26-04-2024,688,In Transit,325,21
1883,13-06-2023,191,Processing,200,10
1884,04-07-2024,252,Processing,286,46
1885,06-05-2023,351,Shipped,489,37
1886,02-06-2024,560,Delivered,114,37
1887,07-06-2024,891,Shipped,364,33
1888,01-01-2024,471,In Transit,67,46
1889,18-09-2024,749,Processing,394,37
1890,18-01-2024,714,In Transit,485,34
1891,27-09-2024,792,Shipped,414,31
1892,24-05-2023,155,Processing,33,14
1893,22-11-2024,37,Delivered,4,13
1894,13-05-2024,127,Shipped,284,43
1895,04-05-2023,751,Delivered,147,32
1896,25-01-2024,620,Processing,265,25
1897,06-09-2023,686,Shipped,362,23
1898,03-03-2024,164,Processing,281,48
1899,18-04-2024,579,In Transit,406,46
1900,29-08-2023,398,Processing,465,16
1901,19-05-2024,600,Delivered,1,37
1902,05-12-2023,996,Shipped,218,35
1903,18-06-2023,116,Delivered,204,24
1904,04-03-2023,475,Delivered,377,13
1905,08-03-2024,652,Delivered,85,38
1906,07-06-2024,750,Processing,270,31
1907,29-09-2023,989,Delivered,239,27
1908,26-05-2024,47,In Transit,65,19
1909,24-04-2024,399,Delivered,126,1
1910,08-10-2023,374,Delivered,382,49
1911,08-02-2024,632,Shipped,280,38
1912,18-02-2024,529,Shipped,231,38
1913,03-11-2023,497,Shipped,444,39
1914,23-05-2023,699,Delivered,359,29
1915,04-01-2024,949,Delivered,30,30
1916,02-08-2024,134,Delivered,4,13
1917,06-03-2023,726,In Transit,333,28
1918,20-10-2023,652,Shipped,146,35
1919,20-01-2023,765,In Transit,222,16
1920,25-01-2023,333,Processing,51,31
1921,21-10-2023,119,Delivered,91,35
1922,20-12-2023,317,Processing,101,6
1923,08-06-2023,644,Delivered,89,22
1924,06-09-2024,799,Shipped,486,8
1925,30-07-2023,984,Processing,225,48
1926,12-11-2024,870,Delivered,108,10
1927,12-06-2023,998,Shipped,51,31
1928,18-03-2024,134,Processing,387,50
1929,25-05-2023,122,Shipped,114,37
1930,17-08-2024,733,Processing,43,22
1931,30-11-2024,562,Shipped,414,31
1932,05-03-2024,491,In Transit,152,4
1933,19-01-2023,654,In Transit,80,39
1934,19-11-2023,356,Shipped,478,9
1935,16-09-2023,204,In Transit,493,42
1936,25-01-2023,693,In Transit,331,13
1937,08-05-2023,678,In Transit,488,14
1938,16-05-2023,113,Delivered,459,25
1939,29-05-2024,140,In Transit,159,41
1940,15-06-2024,535,Processing,104,13
1941,27-12-2024,903,Delivered,329,30
1942,15-10-2024,776,In Transit,187,26
1943,07-07-2023,838,Shipped,307,39
1944,16-04-2023,165,Delivered,93,23
1945,18-02-2023,639,Processing,452,39
1946,03-08-2024,644,Processing,412,3
1947,19-02-2023,243,Delivered,212,50
1948,29-06-2024,714,Delivered,243,21
1949,15-10-2023,677,Delivered,275,26
1950,05-04-2023,826,Shipped,401,37
1951,07-01-2024,970,Processing,244,29
1952,22-08-2024,103,Processing,41,28
1953,20-01-2023,235,In Transit,278,10
1954,10-09-2024,953,Delivered,219,28
1955,30-09-2023,88,In Transit,100,10
1956,16-11-2024,46,Delivered,138,37
1957,13-03-2024,712,In Transit,274,37
1958,31-05-2024,461,Delivered,332,11
1959,23-08-2023,119,In Transit,88,19
1960,07-06-2024,478,Processing,94,13
1961,02-03-2024,955,Shipped,475,19
1962,07-10-2024,67,In Transit,387,50
1963,15-11-2023,709,Delivered,102,19
1964,15-07-2023,998,Processing,301,49
1965,29-05-2023,640,Delivered,282,27
1966,04-06-2023,951,Shipped,109,43
1967,01-12-2023,18,Processing,278,10
1968,16-08-2023,859,Delivered,158,32
1969,01-04-2023,310,Processing,61,39
1970,27-04-2024,616,Shipped,406,46
1971,11-12-2024,704,Delivered,21,3
1972,20-08-2023,194,In Transit,469,16
1973,04-04-2024,647,Delivered,226,2
1974,05-04-2023,244,Delivered,478,9
1975,14-09-2024,129,Delivered,477,49
1976,07-06-2024,104,Delivered,365,15
1977,01-01-2024,163,In Transit,29,50
1978,31-03-2023,136,In Transit,317,40
1979,31-01-2023,449,Processing,433,18
1980,20-07-2024,478,In Transit,221,39
1981,16-11-2024,435,In Transit,160,23
1982,23-04-2023,772,Processing,339,27
1983,10-01-2024,126,Delivered,290,34
1984,05-06-2024,603,Delivered,439,41
1985,03-06-2024,710,Processing,239,27
1986,18-03-2023,424,In Transit,262,26
1987,20-05-2024,149,In Transit,159,41
1988,01-03-2024,782,Shipped,359,29
1989,14-02-2023,942,Delivered,154,13
1990,08-07-2023,540,Delivered,445,10
1991,28-10-2023,128,Shipped,82,4
1992,16-02-2023,764,In Transit,209,1
1993,03-06-2023,472,Shipped,95,13
1994,23-12-2024,283,Processing,346,1
1995,07-03-2024,146,Delivered,279,49
1996,15-09-2023,858,Delivered,461,17
1997,22-06-2024,790,Shipped,190,50
1998,03-02-2023,607,Delivered,428,28
1999,07-06-2023,482,Delivered,172,23
2000,09-09-2023,852,Shipped,167,14
