shipping_id,order_id,delivery_status,shipping_date,return_date
1,1,Processing,05-09-2023,
2,2,In Transit,16-02-2023,
3,3,Processing,25-01-2024,
4,4,Processing,22-04-2023,
5,5,Processing,04-12-2024,
6,6,Processing,15-11-2024,
7,7,Delivered,28-01-2023,10-02-2023
8,8,Shipped,22-04-2024,
9,9,In Transit,14-09-2023,
10,10,Delivered,15-07-2023,
11,11,Processing,23-01-2023,
12,12,Processing,15-08-2023,
13,13,Delivered,05-01-2023,
14,14,Processing,28-11-2024,
15,15,In Transit,10-12-2024,
16,16,Shipped,02-02-2023,
17,17,Shipped,17-01-2023,
18,18,In Transit,14-10-2024,
19,19,Delivered,18-07-2024,
20,20,In Transit,30-01-2024,
21,21,Delivered,04-05-2024,
22,22,Delivered,14-07-2024,
23,23,Delivered,29-10-2024,
24,24,Shipped,12-01-2024,
25,25,Shipped,11-10-2023,
26,26,Processing,24-08-2024,
27,27,Processing,19-07-2023,
28,28,Shipped,18-10-2024,
29,29,Delivered,28-11-2024,
30,30,In Transit,01-07-2023,
31,31,Processing,12-07-2023,
32,32,Delivered,23-06-2024,
33,33,Processing,25-06-2023,13-07-2023
34,34,Shipped,19-12-2023,05-01-2024
35,35,Delivered,14-12-2024,
36,36,Shipped,18-12-2023,
37,37,Shipped,09-09-2024,
38,38,Shipped,19-12-2024,
39,39,Delivered,01-08-2024,
40,40,In Transit,18-01-2024,
41,41,Delivered,23-05-2024,
42,42,Shipped,24-07-2023,
43,43,Processing,29-11-2023,
44,44,In Transit,27-04-2024,
45,45,Processing,04-07-2024,
46,46,In Transit,12-02-2024,
47,47,Processing,01-06-2024,
48,48,Shipped,06-10-2023,
49,49,Processing,25-09-2023,
50,50,In Transit,11-06-2024,22-06-2024
51,51,Processing,02-02-2024,
52,52,In Transit,11-06-2024,
53,53,Delivered,30-09-2024,
54,54,In Transit,19-07-2023,
55,55,Delivered,28-10-2024,
56,56,Processing,25-06-2023,
57,57,In Transit,23-09-2024,
58,58,Processing,06-02-2023,
59,59,In Transit,26-08-2024,
60,60,Shipped,04-12-2024,
61,61,Shipped,16-03-2023,
62,62,Delivered,30-01-2024,
63,63,In Transit,26-01-2024,
64,64,In Transit,07-03-2023,
65,65,Delivered,03-12-2023,
66,66,Shipped,06-05-2024,
67,67,Shipped,24-04-2024,
68,68,In Transit,08-08-2024,
69,69,In Transit,03-08-2024,
70,70,Delivered,19-08-2024,
71,71,Shipped,09-03-2024,
72,72,Processing,15-09-2023,
73,73,Shipped,06-06-2024,
74,74,Delivered,24-07-2023,
75,75,Shipped,29-09-2023,
76,76,Processing,01-10-2023,
77,77,In Transit,05-07-2024,
78,78,In Transit,06-10-2023,
79,79,In Transit,04-12-2024,
80,80,In Transit,11-07-2024,
81,81,Processing,09-02-2024,
82,82,In Transit,01-06-2024,
83,83,Shipped,24-10-2024,
84,84,Shipped,22-10-2024,
85,85,In Transit,09-11-2023,
86,86,Shipped,27-09-2023,
87,87,Processing,23-07-2023,
88,88,In Transit,19-05-2024,
89,89,Shipped,28-05-2023,
90,90,Processing,03-03-2024,14-03-2024
91,91,Delivered,06-07-2023,
92,92,Processing,27-06-2024,
93,93,Delivered,29-08-2024,
94,94,Shipped,08-08-2024,
95,95,In Transit,29-06-2024,
96,96,Processing,26-09-2024,
97,97,Shipped,30-08-2023,
98,98,Delivered,25-03-2024,
99,99,Processing,25-12-2023,
100,100,Shipped,26-07-2024,
101,101,Processing,13-01-2024,
102,102,In Transit,06-08-2023,
103,103,In Transit,17-03-2023,
104,104,Processing,27-01-2024,
105,105,Delivered,25-07-2024,
106,106,In Transit,10-11-2024,
107,107,Shipped,18-11-2023,
108,108,Delivered,07-10-2024,
109,109,Processing,24-11-2023,
110,110,In Transit,11-07-2024,25-07-2024
111,111,Shipped,24-08-2024,
112,112,In Transit,05-01-2024,23-01-2024
113,113,Shipped,18-04-2024,
114,114,Shipped,12-08-2024,
115,115,Delivered,31-10-2024,
116,116,Delivered,19-12-2024,
117,117,In Transit,14-09-2024,
118,118,Processing,04-05-2023,
119,119,Shipped,14-07-2024,
120,120,Delivered,18-08-2024,
121,121,Delivered,07-06-2023,
122,122,Processing,26-09-2023,
123,123,Shipped,25-09-2023,
124,124,Delivered,11-07-2023,
125,125,In Transit,25-07-2023,
126,126,Delivered,06-02-2023,
127,127,Shipped,03-09-2024,
128,128,In Transit,13-08-2024,
129,129,Processing,28-02-2023,
130,130,Delivered,29-11-2024,
131,131,Shipped,29-12-2023,
132,132,In Transit,30-08-2024,
133,133,In Transit,04-12-2024,
134,134,In Transit,01-08-2024,
135,135,Shipped,19-06-2024,
136,136,In Transit,25-09-2023,
137,137,Processing,17-09-2024,
138,138,In Transit,25-12-2024,
139,139,Processing,01-05-2023,
140,140,Processing,20-07-2023,
141,141,Shipped,15-02-2024,
142,142,Shipped,14-12-2024,
143,143,Delivered,11-08-2023,
144,144,Delivered,08-12-2023,
145,145,In Transit,11-01-2023,
146,146,Delivered,14-10-2023,
147,147,Delivered,25-09-2023,
148,148,In Transit,30-01-2023,
149,149,Shipped,19-03-2024,
150,150,Shipped,20-01-2023,
151,151,Processing,07-02-2023,
152,152,Processing,24-10-2024,
153,153,Processing,05-08-2024,
154,154,Processing,02-10-2023,
155,155,In Transit,02-12-2023,
156,156,Processing,12-03-2023,
157,157,Processing,11-05-2024,
158,158,Delivered,28-11-2023,
159,159,Delivered,22-09-2023,12-10-2023
160,160,Delivered,06-11-2023,
161,161,Shipped,18-12-2024,
162,162,Shipped,26-01-2024,
163,163,Shipped,05-06-2023,
164,164,Shipped,30-08-2024,
165,165,Delivered,22-08-2024,
166,166,Shipped,26-01-2024,
167,167,In Transit,20-06-2024,
168,168,Delivered,22-11-2024,
169,169,Shipped,06-06-2023,
170,170,In Transit,31-01-2024,
171,171,Shipped,30-09-2024,
172,172,Shipped,01-02-2023,
173,173,Processing,06-12-2023,
174,174,Delivered,07-08-2023,
175,175,Processing,28-08-2023,
176,176,Processing,05-02-2024,
177,177,Processing,27-03-2024,
178,178,Shipped,28-09-2023,
179,179,Processing,17-10-2024,
180,180,Shipped,10-04-2024,
181,181,Delivered,01-09-2023,
182,182,In Transit,06-09-2024,
183,183,In Transit,04-08-2024,
184,184,Delivered,07-04-2024,
185,185,Shipped,08-02-2023,
186,186,In Transit,17-01-2024,
187,187,Shipped,25-03-2023,
188,188,Shipped,27-05-2024,
189,189,Shipped,17-10-2023,
190,190,Delivered,03-08-2024,
191,191,Shipped,08-11-2023,
192,192,Shipped,04-03-2024,
193,193,Processing,07-11-2023,
194,194,Delivered,03-11-2024,
195,195,In Transit,20-03-2023,
196,196,In Transit,16-07-2024,
197,197,Shipped,05-01-2023,
198,198,In Transit,23-05-2024,
199,199,Processing,11-08-2024,
200,200,Shipped,25-04-2023,10-05-2023
201,201,Delivered,29-12-2023,
202,202,In Transit,16-08-2024,
203,203,Processing,17-08-2024,
204,204,Processing,07-04-2023,
205,205,Processing,06-08-2023,
206,206,In Transit,03-10-2023,
207,207,Processing,14-01-2024,
208,208,Processing,28-12-2023,
209,209,Processing,19-04-2023,
210,210,Delivered,28-06-2024,
211,211,Processing,28-05-2023,
212,212,Delivered,21-10-2024,
213,213,Shipped,23-09-2024,
214,214,Delivered,24-11-2024,
215,215,In Transit,26-11-2023,
216,216,In Transit,17-11-2023,
217,217,Delivered,08-12-2023,
218,218,Shipped,25-01-2024,
219,219,Shipped,13-05-2024,
220,220,Delivered,17-04-2023,
221,221,Processing,22-08-2023,
222,222,Processing,07-09-2024,
223,223,In Transit,19-11-2023,
224,224,In Transit,08-01-2023,
225,225,Shipped,05-08-2023,
226,226,Processing,15-05-2024,
227,227,Delivered,22-06-2023,
228,228,In Transit,19-03-2023,
229,229,Shipped,18-02-2024,
230,230,Delivered,12-09-2024,
231,231,Processing,11-05-2023,
232,232,Delivered,29-11-2023,
233,233,Processing,11-09-2023,
234,234,Processing,25-11-2024,
235,235,Processing,01-03-2024,
236,236,Processing,17-01-2024,
237,237,Processing,22-05-2024,
238,238,Shipped,15-09-2024,
239,239,In Transit,24-06-2024,
240,240,In Transit,29-02-2024,
241,241,Shipped,29-08-2024,
242,242,Delivered,16-01-2024,
243,243,Processing,15-07-2024,
244,244,Shipped,27-04-2023,07-05-2023
245,245,Delivered,12-02-2024,
246,246,Shipped,26-03-2024,
247,247,Shipped,06-11-2023,
248,248,Delivered,22-05-2023,
249,249,In Transit,28-03-2024,
250,250,Delivered,27-02-2024,
251,251,In Transit,31-01-2024,
252,252,Delivered,06-09-2023,
253,253,Processing,27-03-2024,
254,254,Processing,03-07-2024,
255,255,Delivered,27-09-2024,
256,256,In Transit,19-03-2024,
257,257,Delivered,28-02-2023,
258,258,Delivered,19-06-2024,
259,259,Delivered,05-12-2023,
260,260,In Transit,21-01-2023,
261,261,Shipped,11-05-2024,
262,262,In Transit,12-09-2023,
263,263,In Transit,09-04-2023,
264,264,Shipped,17-06-2023,
265,265,Processing,10-07-2023,
266,266,Processing,24-12-2023,
267,267,In Transit,14-10-2024,
268,268,Processing,14-01-2023,
269,269,In Transit,26-01-2023,
270,270,Shipped,11-02-2023,
271,271,Processing,12-12-2024,
272,272,Processing,26-02-2024,
273,273,In Transit,22-01-2024,
274,274,Shipped,29-07-2024,
275,275,Delivered,24-09-2023,
276,276,Shipped,29-09-2024,
277,277,Processing,05-12-2023,
278,278,Delivered,06-06-2023,
279,279,Delivered,03-02-2024,15-02-2024
280,280,Delivered,20-06-2024,
281,281,In Transit,04-10-2024,
282,282,Processing,10-03-2023,
283,283,Delivered,11-09-2023,
284,284,Shipped,18-11-2023,
285,285,In Transit,12-03-2023,24-03-2023
286,286,In Transit,20-04-2023,
287,287,Shipped,06-05-2024,
288,288,Processing,07-08-2023,
289,289,Processing,12-02-2023,02-03-2023
290,290,Delivered,16-02-2024,04-03-2024
291,291,Processing,28-05-2023,
292,292,Processing,17-09-2024,
293,293,Delivered,05-04-2023,
294,294,In Transit,21-03-2023,
295,295,Shipped,11-01-2024,
296,296,Shipped,14-03-2024,
297,297,Processing,20-04-2023,
298,298,Processing,15-01-2023,
299,299,In Transit,28-01-2024,
300,300,Processing,20-04-2024,
301,301,Delivered,20-06-2023,
302,302,Processing,15-04-2024,
303,303,Processing,24-05-2023,
304,304,Processing,14-10-2023,
305,305,Shipped,01-07-2024,
306,306,Delivered,22-12-2023,02-01-2024
307,307,In Transit,05-10-2024,
308,308,Shipped,29-01-2024,
309,309,Shipped,29-03-2023,
310,310,Processing,30-07-2023,
311,311,Delivered,07-01-2023,
312,312,Delivered,03-11-2023,
313,313,Shipped,30-05-2023,
314,314,Delivered,30-03-2023,
315,315,Processing,10-02-2024,
316,316,Shipped,13-03-2024,
317,317,Processing,09-01-2024,
318,318,Delivered,21-04-2024,
319,319,In Transit,03-11-2023,
320,320,Shipped,23-10-2024,
321,321,Processing,10-08-2023,
322,322,Processing,18-02-2023,
323,323,Processing,04-03-2023,14-03-2023
324,324,Shipped,05-06-2023,
325,325,In Transit,19-11-2024,
326,326,Delivered,30-10-2023,
327,327,Shipped,29-03-2023,
328,328,In Transit,12-04-2024,
329,329,Delivered,13-02-2023,
330,330,Shipped,09-08-2024,
331,331,Shipped,03-06-2023,
332,332,Shipped,28-04-2024,
333,333,Delivered,09-11-2023,
334,334,Delivered,18-03-2024,
335,335,Delivered,16-04-2024,
336,336,Shipped,21-06-2023,
337,337,Delivered,05-11-2024,
338,338,Delivered,29-09-2023,
339,339,Processing,27-06-2024,
340,340,In Transit,12-08-2023,
341,341,Shipped,31-12-2024,
342,342,Delivered,25-01-2024,
343,343,In Transit,01-10-2024,
344,344,Processing,15-03-2024,
345,345,In Transit,27-04-2023,
346,346,In Transit,27-05-2024,
347,347,Processing,05-04-2023,
348,348,Shipped,28-11-2023,
349,349,Delivered,03-07-2024,
350,350,Delivered,16-09-2024,
351,351,Processing,21-07-2024,
352,352,Processing,10-03-2023,
353,353,In Transit,25-01-2024,
354,354,Delivered,05-09-2023,
355,355,Processing,25-08-2023,
356,356,Processing,14-08-2023,
357,357,Shipped,22-04-2024,
358,358,Shipped,27-06-2024,
359,359,In Transit,05-09-2024,
360,360,Shipped,19-03-2023,
361,361,Shipped,23-09-2023,
362,362,Shipped,19-05-2024,
363,363,Delivered,12-02-2024,
364,364,Processing,25-07-2024,
365,365,Shipped,27-05-2023,
366,366,Shipped,14-06-2024,
367,367,In Transit,13-02-2024,
368,368,Processing,14-02-2023,
369,369,Delivered,21-12-2023,
370,370,In Transit,03-11-2024,
371,371,Processing,31-12-2024,
372,372,Processing,15-01-2024,
373,373,In Transit,02-05-2023,
374,374,Shipped,26-02-2024,
375,375,Delivered,01-03-2024,
376,376,Processing,07-04-2023,17-04-2023
377,377,Processing,09-07-2023,
378,378,In Transit,30-01-2024,
379,379,Delivered,03-03-2023,
380,380,In Transit,15-01-2023,
381,381,Delivered,08-08-2023,
382,382,Delivered,04-02-2024,
383,383,Shipped,24-01-2024,
384,384,In Transit,01-09-2023,
385,385,Shipped,20-04-2023,
386,386,Shipped,27-10-2023,07-11-2023
387,387,Delivered,17-04-2024,
388,388,Shipped,01-02-2023,
389,389,Delivered,12-09-2024,
390,390,In Transit,10-03-2023,
391,391,Delivered,26-05-2024,
392,392,In Transit,22-08-2023,
393,393,Processing,14-05-2023,
394,394,Shipped,09-07-2024,
395,395,Delivered,17-04-2024,
396,396,Delivered,29-07-2023,
397,397,Delivered,17-08-2023,
398,398,In Transit,02-07-2023,
399,399,In Transit,29-05-2024,18-06-2024
400,400,Delivered,09-05-2024,
401,401,Shipped,08-05-2024,
402,402,In Transit,22-01-2023,
403,403,Delivered,05-08-2023,
404,404,In Transit,12-12-2023,
405,405,Shipped,26-07-2023,
406,406,Processing,04-11-2024,
407,407,Delivered,10-04-2024,
408,408,Processing,10-12-2023,
409,409,In Transit,15-05-2024,
410,410,Delivered,24-08-2023,
411,411,Processing,05-10-2024,
412,412,Delivered,21-04-2023,
413,413,Processing,02-01-2024,
414,414,Processing,12-06-2024,25-06-2024
415,415,Delivered,16-01-2024,
416,416,Processing,23-08-2024,
417,417,In Transit,25-08-2023,
418,418,Shipped,01-06-2023,
419,419,In Transit,04-08-2024,
420,420,Delivered,03-10-2024,
421,421,Shipped,12-05-2024,
422,422,Shipped,12-03-2023,
423,423,In Transit,14-05-2023,
424,424,In Transit,02-06-2023,
425,425,In Transit,27-01-2023,
426,426,Shipped,22-05-2024,
427,427,Processing,31-03-2023,
428,428,Shipped,09-06-2023,
429,429,Processing,21-05-2024,
430,430,Processing,12-07-2024,
431,431,Delivered,27-05-2024,
432,432,Delivered,12-07-2023,
433,433,Shipped,17-01-2024,
434,434,In Transit,02-03-2023,
435,435,Delivered,26-08-2023,
436,436,Delivered,27-12-2024,
437,437,In Transit,23-06-2023,10-07-2023
438,438,Shipped,04-01-2023,
439,439,In Transit,26-01-2023,
440,440,Processing,17-03-2023,
441,441,Delivered,24-02-2023,
442,442,In Transit,10-07-2024,
443,443,In Transit,17-12-2024,
444,444,In Transit,13-12-2023,
445,445,In Transit,05-07-2024,
446,446,Processing,31-08-2023,
447,447,Shipped,10-04-2023,
448,448,In Transit,01-05-2023,
449,449,In Transit,16-07-2024,
450,450,In Transit,15-02-2023,
451,451,Shipped,20-04-2024,09-05-2024
452,452,Delivered,09-09-2024,
453,453,In Transit,23-12-2024,
454,454,Processing,19-06-2024,
455,455,Delivered,19-07-2024,
456,456,Processing,21-06-2024,
457,457,Shipped,04-04-2023,
458,458,In Transit,23-12-2024,
459,459,Processing,14-07-2024,
460,460,In Transit,01-08-2024,
461,461,Processing,13-08-2023,
462,462,Processing,07-03-2024,
463,463,Processing,14-08-2023,
464,464,Shipped,19-08-2024,
465,465,Delivered,07-06-2023,
466,466,Processing,24-08-2024,
467,467,In Transit,20-03-2024,
468,468,Shipped,23-03-2024,
469,469,In Transit,02-03-2023,
470,470,Processing,27-02-2023,
471,471,Processing,18-05-2023,
472,472,Shipped,12-01-2023,
473,473,Processing,12-10-2023,
474,474,In Transit,10-09-2023,
475,475,Processing,01-06-2024,
476,476,Delivered,05-01-2024,
477,477,Delivered,29-02-2024,
478,478,Shipped,17-01-2024,
479,479,In Transit,18-06-2023,
480,480,Processing,08-12-2024,
481,481,In Transit,14-04-2023,
482,482,Processing,29-04-2023,
483,483,Delivered,10-08-2024,
484,484,Processing,26-06-2023,
485,485,Shipped,19-05-2024,
486,486,Processing,30-01-2023,
487,487,Shipped,04-03-2023,
488,488,In Transit,17-04-2023,
489,489,In Transit,30-03-2024,
490,490,Shipped,15-10-2023,
491,491,Delivered,31-12-2024,
492,492,Delivered,27-02-2023,
493,493,Shipped,28-12-2023,
494,494,In Transit,27-12-2023,
495,495,In Transit,03-07-2024,
496,496,Processing,18-01-2024,04-02-2024
497,497,Processing,17-08-2024,
498,498,Shipped,09-03-2024,
499,499,Shipped,11-06-2023,
500,500,Processing,03-11-2023,
501,501,In Transit,29-09-2024,
502,502,Processing,15-03-2024,
503,503,In Transit,02-10-2024,
504,504,In Transit,19-12-2023,
505,505,In Transit,22-06-2023,
506,506,Delivered,01-09-2023,18-09-2023
507,507,Processing,03-07-2024,
508,508,In Transit,01-06-2024,
509,509,Shipped,22-02-2024,
510,510,Processing,23-08-2023,
511,511,Shipped,07-05-2023,
512,512,Shipped,15-06-2024,
513,513,In Transit,23-10-2024,
514,514,Shipped,06-06-2023,
515,515,Delivered,30-07-2024,
516,516,Delivered,20-02-2024,
517,517,In Transit,28-08-2023,
518,518,Shipped,11-01-2023,
519,519,Shipped,12-03-2024,
520,520,Delivered,21-10-2023,
521,521,Processing,13-03-2023,
522,522,Shipped,01-11-2024,
523,523,Shipped,23-06-2023,
524,524,Processing,13-07-2023,
525,525,Processing,24-04-2023,
526,526,In Transit,09-06-2023,
527,527,In Transit,03-09-2023,
528,528,In Transit,29-05-2023,
529,529,Shipped,10-01-2023,
530,530,In Transit,16-05-2024,
531,531,Delivered,04-06-2023,
532,532,Processing,27-10-2023,
533,533,Processing,22-02-2023,
534,534,Shipped,12-02-2024,
535,535,Shipped,01-09-2023,
536,536,Shipped,08-09-2023,
537,537,In Transit,11-01-2023,
538,538,Shipped,27-07-2023,
539,539,Delivered,08-10-2024,
540,540,In Transit,23-10-2024,
541,541,In Transit,01-11-2024,
542,542,In Transit,05-01-2024,
543,543,In Transit,17-04-2024,
544,544,Shipped,08-06-2024,
545,545,Delivered,15-08-2024,
546,546,Processing,24-08-2024,
547,547,Delivered,02-06-2024,
548,548,Delivered,07-06-2024,
549,549,In Transit,03-06-2023,
550,550,Shipped,12-06-2023,
551,551,In Transit,08-08-2024,
552,552,In Transit,28-08-2024,
553,553,Shipped,08-04-2023,
554,554,Delivered,23-02-2024,
555,555,Shipped,07-11-2023,
556,556,Shipped,23-03-2024,
557,557,Processing,05-11-2023,
558,558,Processing,23-08-2024,
559,559,Delivered,28-11-2024,
560,560,Processing,03-01-2023,
561,561,Shipped,16-02-2023,
562,562,Shipped,27-06-2024,
563,563,Shipped,03-08-2023,
564,564,In Transit,26-11-2024,
565,565,Delivered,11-08-2024,
566,566,Shipped,31-01-2023,
567,567,In Transit,29-11-2023,
568,568,In Transit,24-02-2024,
569,569,Delivered,01-07-2024,
570,570,Shipped,16-07-2024,
571,571,In Transit,29-03-2023,
572,572,Processing,08-06-2023,
573,573,Shipped,02-08-2024,
574,574,In Transit,06-10-2024,
575,575,Processing,10-04-2023,
576,576,In Transit,07-01-2023,
577,577,Shipped,28-07-2023,
578,578,Shipped,10-05-2023,
579,579,Delivered,20-01-2024,
580,580,Processing,13-11-2024,
581,581,In Transit,12-12-2024,
582,582,Processing,02-06-2024,
583,583,In Transit,17-11-2023,
584,584,Delivered,06-01-2023,
585,585,Processing,30-06-2024,
586,586,Processing,02-06-2024,
587,587,Processing,13-09-2024,
588,588,In Transit,28-11-2023,
589,589,Delivered,17-05-2024,06-06-2024
590,590,In Transit,16-01-2023,30-01-2023
591,591,Shipped,16-06-2024,
592,592,In Transit,23-03-2023,
593,593,In Transit,18-02-2024,
594,594,Shipped,30-11-2023,
595,595,In Transit,17-02-2024,
596,596,In Transit,25-09-2024,
597,597,Processing,02-06-2024,
598,598,In Transit,21-12-2023,08-01-2024
599,599,Shipped,07-10-2023,
600,600,Processing,07-05-2024,
601,601,Processing,26-04-2023,
602,602,Processing,13-06-2023,
603,603,Shipped,21-01-2023,
604,604,Processing,22-07-2024,
605,605,Delivered,27-05-2024,
606,606,Processing,23-05-2023,
607,607,Delivered,15-07-2024,
608,608,Shipped,20-04-2023,
609,609,In Transit,05-06-2023,
610,610,In Transit,06-10-2024,18-10-2024
611,611,Shipped,15-05-2023,
612,612,Shipped,15-10-2023,
613,613,In Transit,23-11-2023,13-12-2023
614,614,Processing,31-03-2024,
615,615,Delivered,13-11-2024,
616,616,In Transit,13-05-2023,
617,617,In Transit,12-09-2024,
618,618,Shipped,03-02-2023,
619,619,Delivered,11-04-2024,
620,620,Delivered,29-02-2024,
621,621,Shipped,26-12-2023,
622,622,In Transit,10-10-2024,
623,623,Shipped,16-10-2024,
624,624,Delivered,18-12-2023,
625,625,Delivered,22-07-2024,
626,626,Delivered,21-01-2024,
627,627,In Transit,09-02-2024,
628,628,Processing,18-08-2024,
629,629,In Transit,13-11-2024,
630,630,Delivered,28-05-2023,
631,631,Processing,01-08-2023,
632,632,Delivered,24-11-2024,
633,633,In Transit,05-03-2023,
634,634,Delivered,26-09-2024,
635,635,Shipped,15-10-2023,
636,636,In Transit,21-07-2024,
637,637,Delivered,13-05-2024,
638,638,Delivered,02-12-2023,
639,639,In Transit,22-02-2023,
640,640,In Transit,17-11-2024,
641,641,In Transit,06-03-2023,
642,642,Shipped,04-01-2023,
643,643,Shipped,26-04-2023,
644,644,Shipped,25-12-2024,
645,645,Shipped,06-03-2024,
646,646,In Transit,07-05-2024,
647,647,Shipped,14-03-2023,
648,648,Processing,08-01-2023,
649,649,Processing,08-02-2023,
650,650,Processing,12-04-2023,
651,651,Processing,13-08-2024,
652,652,Shipped,19-03-2024,
653,653,Processing,29-01-2024,
654,654,Shipped,07-07-2023,25-07-2023
655,655,Delivered,25-06-2023,
656,656,In Transit,07-11-2024,
657,657,Processing,06-10-2024,
658,658,Shipped,29-06-2023,
659,659,Processing,03-05-2023,
660,660,Shipped,14-10-2024,
661,661,Shipped,22-04-2023,
662,662,In Transit,07-07-2024,
663,663,In Transit,25-04-2024,
664,664,In Transit,20-12-2023,
665,665,Delivered,28-08-2023,
666,666,Delivered,31-10-2023,
667,667,Delivered,02-11-2023,
668,668,Shipped,28-10-2024,
669,669,Delivered,18-11-2024,
670,670,Shipped,17-05-2023,
671,671,In Transit,13-05-2023,
672,672,Shipped,16-01-2023,
673,673,Shipped,08-01-2024,
674,674,Delivered,23-06-2023,
675,675,Delivered,02-01-2024,
676,676,Processing,30-11-2023,
677,677,Delivered,13-10-2024,
678,678,In Transit,06-08-2024,
679,679,Processing,02-05-2024,
680,680,In Transit,19-05-2024,03-06-2024
681,681,Delivered,26-07-2023,
682,682,Shipped,21-05-2023,
683,683,Shipped,06-09-2023,
684,684,Delivered,01-06-2024,
685,685,Delivered,01-03-2023,
686,686,Delivered,27-12-2024,
687,687,Delivered,03-08-2023,
688,688,Shipped,07-11-2024,
689,689,Delivered,17-08-2023,
690,690,Processing,31-03-2024,
691,691,Shipped,24-01-2024,
692,692,Processing,11-08-2024,30-08-2024
693,693,In Transit,24-10-2024,
694,694,Processing,25-03-2023,
695,695,Delivered,13-12-2024,
696,696,In Transit,26-12-2023,
697,697,Delivered,24-08-2024,
698,698,Delivered,19-05-2024,
699,699,Processing,23-01-2024,
700,700,Processing,22-07-2023,
701,701,Processing,13-12-2024,
702,702,Delivered,26-08-2024,
703,703,Shipped,16-05-2024,
704,704,Delivered,18-07-2023,
705,705,Delivered,02-10-2024,
706,706,Shipped,09-07-2024,
707,707,Shipped,04-05-2024,
708,708,Delivered,16-10-2023,
709,709,Shipped,16-03-2024,
710,710,Shipped,16-11-2023,
711,711,In Transit,10-07-2023,
712,712,In Transit,22-03-2024,
713,713,Shipped,31-08-2024,19-09-2024
714,714,In Transit,10-04-2023,
715,715,Shipped,07-09-2023,
716,716,Processing,08-06-2023,
717,717,Delivered,20-06-2023,
718,718,Processing,19-06-2024,
719,719,In Transit,14-07-2023,
720,720,In Transit,10-01-2024,
721,721,Processing,22-05-2024,
722,722,Processing,10-04-2023,
723,723,Processing,05-01-2023,
724,724,In Transit,18-01-2023,
725,725,In Transit,20-04-2023,
726,726,Delivered,06-12-2024,
727,727,Shipped,26-06-2024,
728,728,Shipped,30-07-2024,
729,729,Processing,06-04-2024,
730,730,In Transit,11-07-2023,
731,731,Shipped,26-03-2023,
732,732,Shipped,24-11-2024,
733,733,In Transit,08-08-2023,
734,734,Delivered,07-11-2024,
735,735,In Transit,04-05-2023,17-05-2023
736,736,In Transit,09-04-2023,
737,737,Delivered,17-05-2023,
738,738,Processing,23-05-2023,
739,739,Shipped,21-04-2024,
740,740,Delivered,12-01-2023,
741,741,In Transit,22-04-2023,
742,742,In Transit,16-08-2024,
743,743,In Transit,10-06-2024,
744,744,In Transit,22-07-2023,
745,745,In Transit,13-02-2024,
746,746,Shipped,23-05-2023,07-06-2023
747,747,Shipped,21-01-2023,
748,748,Delivered,12-03-2023,
749,749,Shipped,20-12-2024,
750,750,In Transit,30-08-2024,09-09-2024
751,751,Delivered,12-10-2024,
752,752,Delivered,07-09-2024,
753,753,Delivered,21-08-2023,
754,754,Processing,15-08-2023,
755,755,Shipped,06-03-2023,
756,756,Delivered,22-01-2024,
757,757,In Transit,30-06-2024,
758,758,Processing,18-11-2023,
759,759,Shipped,15-02-2024,
760,760,Processing,30-04-2023,
761,761,Delivered,09-08-2023,
762,762,Processing,21-09-2023,
763,763,Shipped,12-04-2023,
764,764,Shipped,15-05-2024,
765,765,Shipped,05-04-2023,
766,766,In Transit,27-09-2024,
767,767,Shipped,09-11-2024,19-11-2024
768,768,In Transit,09-05-2023,
769,769,Delivered,20-02-2024,
770,770,Delivered,16-10-2023,
771,771,In Transit,02-07-2023,17-07-2023
772,772,Processing,20-10-2024,
773,773,Delivered,21-07-2023,
774,774,Processing,29-11-2023,
775,775,Delivered,30-07-2024,
776,776,In Transit,17-03-2024,
777,777,Shipped,09-04-2024,
778,778,Processing,26-08-2023,
779,779,Delivered,24-08-2024,
780,780,Delivered,02-07-2023,
781,781,Processing,28-12-2024,
782,782,In Transit,11-10-2024,
783,783,Shipped,04-01-2024,
784,784,Processing,28-03-2023,
785,785,In Transit,18-07-2024,
786,786,Shipped,01-10-2023,
787,787,Shipped,02-03-2023,
788,788,Processing,03-01-2023,
789,789,Processing,27-03-2023,
790,790,Processing,23-01-2023,
791,791,In Transit,27-06-2024,
792,792,Processing,20-09-2024,
793,793,Delivered,02-12-2024,
794,794,Delivered,04-04-2024,
795,795,In Transit,30-05-2023,
796,796,Processing,30-10-2024,
797,797,In Transit,04-05-2023,
798,798,Delivered,23-10-2024,
799,799,Delivered,09-12-2023,
800,800,Shipped,01-10-2023,
801,801,Shipped,17-02-2024,
802,802,In Transit,10-08-2024,
803,803,In Transit,06-02-2024,
804,804,Shipped,01-08-2023,
805,805,Processing,13-03-2024,
806,806,Shipped,17-06-2023,
807,807,In Transit,14-10-2023,
808,808,Shipped,21-04-2023,08-05-2023
809,809,Shipped,20-11-2024,
810,810,In Transit,30-03-2023,
811,811,Delivered,02-03-2024,
812,812,Shipped,13-05-2024,
813,813,Delivered,07-06-2023,
814,814,Shipped,22-05-2023,
815,815,Shipped,02-11-2024,
816,816,Shipped,10-05-2023,
817,817,Delivered,10-04-2024,
818,818,Delivered,08-02-2023,
819,819,Processing,14-01-2024,
820,820,Processing,19-11-2023,
821,821,In Transit,15-05-2023,
822,822,In Transit,30-07-2024,
823,823,Processing,26-07-2024,
824,824,Processing,27-05-2023,
825,825,Shipped,11-06-2023,
826,826,In Transit,01-03-2023,
827,827,Shipped,26-08-2024,
828,828,Processing,28-09-2023,
829,829,Delivered,27-07-2023,
830,830,Shipped,12-04-2023,
831,831,Processing,19-01-2023,
832,832,Shipped,24-10-2023,
833,833,Processing,14-03-2023,
834,834,In Transit,27-02-2023,
835,835,In Transit,02-06-2024,
836,836,In Transit,02-12-2024,
837,837,Shipped,24-12-2024,
838,838,Processing,30-10-2023,
839,839,Processing,24-01-2023,
840,840,In Transit,20-08-2024,
841,841,In Transit,22-06-2023,
842,842,Delivered,22-09-2023,
843,843,Processing,03-10-2023,
844,844,Delivered,11-04-2023,
845,845,In Transit,07-02-2024,
846,846,Shipped,26-09-2023,
847,847,In Transit,01-12-2024,
848,848,Shipped,16-04-2023,
849,849,Processing,24-09-2023,
850,850,Delivered,28-04-2023,
851,851,Processing,05-11-2023,
852,852,Delivered,12-05-2023,
853,853,Shipped,14-06-2023,
854,854,Shipped,08-07-2024,
855,855,Shipped,30-12-2023,
856,856,Processing,21-05-2024,
857,857,Delivered,10-09-2024,
858,858,Delivered,28-07-2024,
859,859,Processing,10-06-2024,
860,860,In Transit,12-10-2024,
861,861,Shipped,15-07-2024,
862,862,Delivered,01-05-2023,
863,863,Processing,08-06-2024,
864,864,In Transit,20-05-2024,
865,865,In Transit,04-08-2023,
866,866,Delivered,05-12-2024,
867,867,In Transit,27-02-2024,
868,868,Processing,02-05-2024,
869,869,Shipped,26-03-2023,
870,870,Delivered,19-01-2024,
871,871,Delivered,26-07-2024,13-08-2024
872,872,In Transit,12-04-2024,
873,873,In Transit,02-01-2024,
874,874,In Transit,24-04-2024,
875,875,Shipped,05-07-2023,
876,876,In Transit,05-04-2023,
877,877,In Transit,06-07-2024,
878,878,Shipped,14-12-2024,
879,879,Delivered,30-04-2024,
880,880,Delivered,16-07-2024,
881,881,Processing,21-03-2024,
882,882,Processing,23-08-2024,
883,883,Processing,28-03-2023,
884,884,In Transit,07-04-2023,24-04-2023
885,885,Delivered,01-11-2024,
886,886,Shipped,21-12-2023,
887,887,In Transit,08-02-2024,
888,888,Processing,11-04-2023,
889,889,Delivered,19-04-2023,
890,890,Processing,30-03-2024,
891,891,Shipped,20-08-2023,05-09-2023
892,892,Shipped,22-05-2023,
893,893,Shipped,05-11-2023,
894,894,Shipped,06-08-2024,
895,895,Shipped,26-01-2024,12-02-2024
896,896,Shipped,25-07-2023,
897,897,In Transit,12-03-2023,29-03-2023
898,898,Processing,01-10-2023,
899,899,Processing,15-11-2024,
900,900,In Transit,24-01-2023,
901,901,Processing,10-02-2023,
902,902,Delivered,05-02-2023,
903,903,In Transit,02-10-2023,
904,904,In Transit,29-08-2024,
905,905,Processing,24-01-2024,
906,906,Processing,22-07-2023,
907,907,Shipped,14-07-2023,
908,908,Processing,10-07-2024,
909,909,Delivered,05-06-2024,
910,910,In Transit,16-01-2024,
911,911,Delivered,15-09-2024,
912,912,Shipped,14-02-2023,
913,913,Processing,01-09-2023,
914,914,In Transit,13-01-2024,
915,915,Delivered,13-09-2024,
916,916,Processing,19-10-2024,
917,917,Shipped,28-12-2023,
918,918,In Transit,23-06-2023,
919,919,Processing,29-02-2024,
920,920,Processing,30-09-2024,
921,921,In Transit,13-08-2023,
922,922,Shipped,10-09-2023,
923,923,Delivered,23-10-2023,
924,924,Delivered,24-01-2024,
925,925,Processing,28-01-2023,
926,926,Delivered,01-09-2023,
927,927,Processing,21-05-2023,
928,928,Processing,13-07-2023,
929,929,Delivered,15-03-2023,
930,930,Shipped,11-09-2024,30-09-2024
931,931,Delivered,12-03-2024,
932,932,Shipped,19-10-2024,
933,933,Delivered,17-12-2024,
934,934,Shipped,19-06-2024,
935,935,Shipped,17-02-2023,
936,936,Processing,10-03-2023,
937,937,In Transit,20-09-2024,
938,938,Processing,25-12-2024,11-01-2025
939,939,Processing,18-02-2023,
940,940,Processing,25-06-2024,
941,941,Delivered,25-01-2023,
942,942,In Transit,04-04-2024,
943,943,Shipped,24-06-2023,
944,944,In Transit,22-08-2024,
945,945,Shipped,27-06-2024,
946,946,Processing,18-06-2024,
947,947,Delivered,28-03-2024,
948,948,Processing,08-12-2023,
949,949,In Transit,19-08-2024,
950,950,Processing,24-09-2024,
951,951,In Transit,17-05-2023,
952,952,Processing,10-09-2024,28-09-2024
953,953,Processing,24-02-2024,
954,954,Delivered,21-05-2023,
955,955,Delivered,01-08-2023,
956,956,Processing,18-11-2024,
957,957,In Transit,27-06-2023,
958,958,Delivered,28-08-2023,
959,959,Delivered,23-07-2024,
960,960,Processing,29-07-2024,
961,961,Delivered,22-11-2023,
962,962,In Transit,22-04-2023,
963,963,Processing,23-06-2023,
964,964,Delivered,01-07-2024,
965,965,Delivered,06-11-2024,
966,966,Shipped,08-04-2024,
967,967,Delivered,15-07-2023,
968,968,Processing,08-07-2023,
969,969,In Transit,19-01-2024,
970,970,In Transit,28-07-2023,
971,971,Processing,08-07-2023,
972,972,Delivered,19-02-2024,
973,973,In Transit,02-12-2023,
974,974,Shipped,06-05-2024,24-05-2024
975,975,Shipped,15-09-2024,
976,976,Shipped,25-02-2024,
977,977,In Transit,08-12-2023,
978,978,Processing,04-06-2024,
979,979,Delivered,11-04-2023,
980,980,Shipped,02-09-2023,
981,981,Delivered,12-10-2024,
982,982,Shipped,13-06-2023,
983,983,Processing,14-04-2023,
984,984,Shipped,08-02-2023,
985,985,Shipped,17-03-2024,
986,986,In Transit,14-01-2024,
987,987,Shipped,22-12-2023,
988,988,Shipped,20-11-2023,08-12-2023
989,989,Processing,10-09-2023,
990,990,Processing,13-08-2024,
991,991,In Transit,05-06-2023,
992,992,Delivered,04-11-2024,
993,993,In Transit,11-05-2023,
994,994,In Transit,18-11-2023,
995,995,In Transit,29-12-2024,
996,996,Delivered,22-05-2023,
997,997,Processing,06-03-2024,
998,998,Processing,20-04-2023,
999,999,Processing,16-09-2023,
1000,1000,Delivered,26-03-2023,10-04-2023
1001,1001,Delivered,26-04-2024,
1002,1002,Shipped,06-11-2024,
1003,1003,Shipped,31-08-2023,
1004,1004,Shipped,30-11-2024,
1005,1005,Shipped,26-06-2023,
1006,1006,Shipped,25-09-2023,
1007,1007,Shipped,31-08-2023,
1008,1008,Delivered,26-09-2023,
1009,1009,Delivered,02-05-2023,
1010,1010,In Transit,14-08-2024,
1011,1011,Processing,14-03-2024,
1012,1012,In Transit,07-08-2024,
1013,1013,Delivered,20-02-2023,
1014,1014,Shipped,01-12-2023,
1015,1015,Delivered,24-10-2024,
1016,1016,Processing,05-06-2023,
1017,1017,Processing,08-02-2023,
1018,1018,Shipped,17-04-2023,
1019,1019,Shipped,12-04-2023,
1020,1020,Processing,20-08-2024,
1021,1021,Processing,25-06-2023,
1022,1022,Processing,10-12-2024,
1023,1023,Shipped,10-03-2024,30-03-2024
1024,1024,In Transit,24-09-2023,
1025,1025,In Transit,16-07-2024,
1026,1026,Processing,08-05-2024,
1027,1027,Shipped,21-12-2023,
1028,1028,Processing,02-03-2023,
1029,1029,Delivered,24-03-2023,03-04-2023
1030,1030,Delivered,20-08-2023,
1031,1031,Shipped,07-08-2023,
1032,1032,Shipped,02-03-2023,
1033,1033,Processing,05-09-2023,
1034,1034,Processing,25-08-2023,
1035,1035,Delivered,26-03-2023,
1036,1036,Shipped,25-04-2023,
1037,1037,In Transit,02-10-2023,
1038,1038,Delivered,18-05-2023,
1039,1039,In Transit,25-04-2024,
1040,1040,Processing,05-11-2023,
1041,1041,Processing,05-05-2023,
1042,1042,Processing,14-03-2023,
1043,1043,Delivered,10-07-2023,
1044,1044,Shipped,11-11-2024,
1045,1045,Delivered,20-06-2023,
1046,1046,Processing,26-07-2024,
1047,1047,Delivered,21-06-2023,
1048,1048,Delivered,08-04-2024,
1049,1049,Processing,25-02-2024,
1050,1050,In Transit,19-04-2023,
1051,1051,Shipped,12-05-2023,
1052,1052,Processing,03-11-2023,
1053,1053,In Transit,05-09-2023,
1054,1054,In Transit,27-08-2024,
1055,1055,In Transit,09-06-2023,
1056,1056,Processing,23-02-2023,
1057,1057,Processing,26-01-2024,
1058,1058,In Transit,13-02-2023,
1059,1059,Processing,21-01-2024,
1060,1060,In Transit,15-09-2024,
1061,1061,In Transit,30-12-2024,
1062,1062,Processing,23-07-2024,
1063,1063,In Transit,16-03-2023,
1064,1064,Delivered,13-03-2023,
1065,1065,Delivered,09-02-2023,
1066,1066,In Transit,05-01-2024,
1067,1067,Shipped,19-06-2024,
1068,1068,Processing,14-08-2023,
1069,1069,In Transit,21-10-2024,
1070,1070,Delivered,28-01-2023,
1071,1071,Processing,18-03-2024,
1072,1072,Shipped,23-11-2024,
1073,1073,Shipped,12-02-2023,
1074,1074,Shipped,10-07-2024,
1075,1075,Processing,01-04-2023,
1076,1076,Processing,07-09-2023,
1077,1077,In Transit,04-08-2024,
1078,1078,Shipped,04-06-2023,
1079,1079,Delivered,30-05-2023,
1080,1080,Processing,28-05-2023,
1081,1081,Shipped,03-03-2024,
1082,1082,Shipped,12-02-2024,
1083,1083,In Transit,14-04-2024,
1084,1084,Processing,14-01-2023,02-02-2023
1085,1085,In Transit,21-05-2024,
1086,1086,In Transit,23-05-2023,
1087,1087,In Transit,20-06-2023,
1088,1088,Delivered,25-06-2024,
1089,1089,Processing,06-05-2023,
1090,1090,Processing,13-03-2023,
1091,1091,Delivered,17-07-2023,
1092,1092,Processing,30-10-2024,
1093,1093,Shipped,17-07-2024,
1094,1094,Delivered,28-06-2024,
1095,1095,In Transit,06-10-2024,
1096,1096,Delivered,31-12-2023,
1097,1097,Delivered,22-02-2024,
1098,1098,Processing,22-07-2024,
1099,1099,In Transit,21-04-2023,
1100,1100,Shipped,05-04-2023,
1101,1101,Processing,08-09-2023,
1102,1102,Shipped,15-10-2023,
1103,1103,In Transit,11-09-2023,
1104,1104,In Transit,12-10-2023,
1105,1105,Shipped,20-06-2023,
1106,1106,Processing,11-11-2023,
1107,1107,Delivered,29-04-2024,
1108,1108,In Transit,16-06-2024,
1109,1109,Shipped,02-05-2023,16-05-2023
1110,1110,In Transit,26-12-2023,
1111,1111,Delivered,31-08-2023,
1112,1112,Delivered,05-11-2023,22-11-2023
1113,1113,Shipped,25-02-2023,
1114,1114,Delivered,23-11-2023,
1115,1115,Processing,01-04-2024,
1116,1116,Shipped,08-10-2024,
1117,1117,Delivered,13-06-2023,
1118,1118,Delivered,29-06-2024,
1119,1119,Processing,24-12-2024,
1120,1120,Shipped,24-12-2024,
1121,1121,Processing,04-11-2024,24-11-2024
1122,1122,Shipped,14-07-2024,
1123,1123,Processing,03-02-2024,
1124,1124,Processing,07-09-2023,
1125,1125,Shipped,25-05-2024,
1126,1126,Processing,13-01-2024,
1127,1127,Shipped,25-07-2024,
1128,1128,Delivered,16-11-2024,
1129,1129,Delivered,13-07-2023,27-07-2023
1130,1130,In Transit,01-03-2023,
1131,1131,In Transit,30-09-2024,
1132,1132,Delivered,18-07-2023,
1133,1133,In Transit,10-12-2024,
1134,1134,Delivered,20-05-2024,
1135,1135,In Transit,22-07-2024,
1136,1136,Delivered,29-01-2023,
1137,1137,Shipped,04-03-2024,
1138,1138,Processing,17-10-2024,
1139,1139,In Transit,17-06-2024,
1140,1140,In Transit,20-02-2023,
1141,1141,Processing,14-11-2023,
1142,1142,Shipped,19-07-2023,29-07-2023
1143,1143,In Transit,06-11-2023,
1144,1144,In Transit,13-08-2023,
1145,1145,In Transit,16-09-2023,
1146,1146,In Transit,14-08-2023,
1147,1147,Delivered,30-01-2024,
1148,1148,Delivered,14-02-2023,
1149,1149,In Transit,24-04-2023,
1150,1150,Processing,27-05-2023,
1151,1151,Processing,09-07-2023,
1152,1152,Shipped,02-02-2024,19-02-2024
1153,1153,Processing,31-01-2024,
1154,1154,Processing,10-09-2024,
1155,1155,Shipped,08-05-2023,20-05-2023
1156,1156,Shipped,03-04-2023,
1157,1157,Delivered,04-02-2024,
1158,1158,In Transit,05-08-2024,
1159,1159,Delivered,23-03-2023,
1160,1160,Shipped,13-08-2024,
1161,1161,Shipped,16-04-2023,
1162,1162,Processing,20-01-2023,
1163,1163,Delivered,14-11-2024,
1164,1164,Shipped,30-08-2024,
1165,1165,Processing,02-11-2023,
1166,1166,Processing,23-05-2024,
1167,1167,Delivered,07-09-2024,
1168,1168,Shipped,16-07-2024,
1169,1169,Processing,20-08-2024,
1170,1170,Delivered,01-12-2023,
1171,1171,Delivered,02-12-2023,
1172,1172,Delivered,02-07-2024,
1173,1173,Shipped,03-05-2024,
1174,1174,Delivered,03-03-2023,
1175,1175,Shipped,20-12-2024,
1176,1176,In Transit,29-08-2024,
1177,1177,Processing,01-10-2023,
1178,1178,Delivered,27-06-2023,
1179,1179,In Transit,06-07-2023,
1180,1180,In Transit,16-09-2024,
1181,1181,Shipped,03-02-2024,
1182,1182,Processing,01-04-2023,
1183,1183,Delivered,30-01-2023,
1184,1184,Shipped,06-07-2024,
1185,1185,Processing,18-02-2024,
1186,1186,In Transit,18-05-2023,
1187,1187,Shipped,25-09-2023,
1188,1188,Delivered,07-12-2023,
1189,1189,Shipped,07-02-2024,21-02-2024
1190,1190,Processing,06-10-2024,
1191,1191,Processing,08-03-2024,
1192,1192,Shipped,23-06-2024,
1193,1193,Shipped,20-10-2023,
1194,1194,Delivered,04-02-2024,
1195,1195,Delivered,18-03-2024,
1196,1196,Delivered,04-10-2024,
1197,1197,Shipped,25-08-2023,
1198,1198,Shipped,20-12-2023,
1199,1199,In Transit,13-04-2023,
1200,1200,Shipped,17-07-2023,
1201,1201,Processing,25-03-2024,
1202,1202,In Transit,01-08-2023,
1203,1203,Delivered,11-03-2024,
1204,1204,Shipped,17-04-2023,
1205,1205,Shipped,10-10-2024,
1206,1206,Delivered,23-02-2023,
1207,1207,Processing,02-06-2024,
1208,1208,Processing,31-01-2024,
1209,1209,Shipped,15-01-2024,
1210,1210,In Transit,13-12-2024,
1211,1211,Processing,04-06-2024,
1212,1212,In Transit,20-03-2023,
1213,1213,Processing,02-05-2023,
1214,1214,Delivered,15-11-2024,
1215,1215,In Transit,21-07-2023,
1216,1216,Processing,16-12-2023,
1217,1217,Shipped,27-06-2024,11-07-2024
1218,1218,Shipped,21-11-2023,
1219,1219,Processing,16-12-2024,
1220,1220,Shipped,23-01-2024,
1221,1221,Delivered,05-08-2023,
1222,1222,In Transit,13-01-2023,
1223,1223,Delivered,14-02-2023,
1224,1224,Delivered,14-05-2023,
1225,1225,Shipped,14-06-2023,
1226,1226,Processing,20-06-2023,
1227,1227,Delivered,05-10-2024,
1228,1228,Delivered,24-11-2024,
1229,1229,In Transit,29-05-2024,
1230,1230,Processing,21-03-2023,02-04-2023
1231,1231,Processing,15-05-2024,
1232,1232,Shipped,09-07-2023,
1233,1233,Processing,01-05-2024,
1234,1234,Processing,21-10-2024,
1235,1235,Processing,22-02-2024,
1236,1236,In Transit,05-02-2023,
1237,1237,Delivered,06-09-2023,
1238,1238,Shipped,12-02-2024,
1239,1239,Shipped,08-04-2024,
1240,1240,In Transit,21-05-2023,
1241,1241,In Transit,25-02-2023,
1242,1242,Processing,05-02-2024,
1243,1243,Processing,26-01-2024,
1244,1244,Processing,10-01-2024,
1245,1245,Shipped,20-06-2024,
1246,1246,Processing,16-03-2023,
1247,1247,Delivered,30-10-2023,
1248,1248,Processing,24-12-2024,
1249,1249,In Transit,23-03-2024,
1250,1250,In Transit,15-05-2024,
1251,1251,Processing,02-01-2024,
1252,1252,Processing,01-06-2024,
1253,1253,Delivered,09-09-2023,
1254,1254,In Transit,17-04-2024,
1255,1255,Shipped,30-03-2024,
1256,1256,Processing,05-08-2023,
1257,1257,Processing,29-08-2024,
1258,1258,Delivered,05-05-2024,
1259,1259,Processing,26-07-2023,
1260,1260,Delivered,08-03-2024,28-03-2024
1261,1261,Processing,03-01-2024,
1262,1262,Delivered,03-11-2023,
1263,1263,Shipped,31-12-2024,
1264,1264,In Transit,06-12-2023,
1265,1265,Shipped,24-07-2023,05-08-2023
1266,1266,In Transit,07-01-2024,
1267,1267,Processing,13-02-2024,
1268,1268,Processing,03-12-2024,
1269,1269,Shipped,18-07-2023,
1270,1270,Shipped,12-01-2023,
1271,1271,Shipped,28-07-2024,
1272,1272,Delivered,09-10-2023,
1273,1273,In Transit,26-03-2023,
1274,1274,In Transit,06-08-2023,
1275,1275,Delivered,05-07-2023,
1276,1276,In Transit,21-05-2024,
1277,1277,In Transit,05-02-2024,
1278,1278,Shipped,14-11-2023,
1279,1279,Shipped,23-03-2023,
1280,1280,Delivered,08-04-2023,
1281,1281,Delivered,04-05-2023,
1282,1282,Delivered,05-03-2023,
1283,1283,Shipped,16-05-2024,
1284,1284,Delivered,30-05-2023,
1285,1285,Delivered,26-01-2024,
1286,1286,In Transit,08-12-2023,
1287,1287,Shipped,06-12-2024,
1288,1288,Shipped,04-09-2023,
1289,1289,Processing,09-03-2023,
1290,1290,Shipped,19-09-2024,
1291,1291,Delivered,17-03-2024,
1292,1292,Delivered,11-10-2023,
1293,1293,Shipped,27-07-2023,
1294,1294,Shipped,25-06-2023,
1295,1295,Processing,15-09-2023,
1296,1296,Processing,18-10-2023,
1297,1297,Shipped,29-07-2024,
1298,1298,In Transit,11-01-2024,
1299,1299,Delivered,11-10-2024,
1300,1300,Shipped,31-10-2023,18-11-2023
1301,1301,In Transit,27-07-2024,
1302,1302,Shipped,12-02-2024,
1303,1303,Processing,29-07-2023,
1304,1304,Processing,23-10-2023,
1305,1305,Shipped,21-11-2024,
1306,1306,In Transit,16-07-2024,
1307,1307,Delivered,13-05-2023,
1308,1308,Delivered,18-06-2024,
1309,1309,Delivered,13-08-2023,
1310,1310,Delivered,17-02-2024,
1311,1311,Processing,05-12-2023,
1312,1312,Processing,30-07-2023,
1313,1313,Shipped,14-01-2024,
1314,1314,Processing,08-04-2023,
1315,1315,In Transit,03-04-2023,
1316,1316,In Transit,24-02-2023,
1317,1317,Processing,18-10-2023,
1318,1318,In Transit,21-10-2024,
1319,1319,Processing,26-09-2023,
1320,1320,In Transit,04-07-2023,
1321,1321,Shipped,31-12-2024,
1322,1322,Delivered,18-05-2024,
1323,1323,Shipped,17-03-2023,03-04-2023
1324,1324,Processing,06-01-2024,
1325,1325,Shipped,06-04-2023,
1326,1326,Shipped,21-11-2023,
1327,1327,In Transit,28-07-2023,
1328,1328,In Transit,30-03-2024,
1329,1329,Delivered,30-08-2023,
1330,1330,Delivered,21-11-2024,
1331,1331,Processing,16-04-2023,
1332,1332,In Transit,12-11-2023,
1333,1333,In Transit,31-01-2023,
1334,1334,Delivered,16-03-2024,
1335,1335,In Transit,15-03-2023,
1336,1336,Processing,17-07-2024,
1337,1337,Shipped,18-08-2023,
1338,1338,Shipped,09-05-2023,
1339,1339,Processing,24-07-2023,
1340,1340,Shipped,20-06-2023,
1341,1341,In Transit,04-07-2023,
1342,1342,Delivered,08-12-2024,
1343,1343,Delivered,07-04-2024,
1344,1344,In Transit,17-01-2023,
1345,1345,Delivered,07-01-2023,
1346,1346,In Transit,12-09-2023,
1347,1347,In Transit,26-09-2024,
1348,1348,In Transit,19-11-2024,
1349,1349,In Transit,14-12-2024,
1350,1350,In Transit,27-06-2023,
1351,1351,In Transit,11-04-2023,
1352,1352,Processing,08-06-2024,
1353,1353,Shipped,07-06-2023,
1354,1354,In Transit,07-11-2024,
1355,1355,Delivered,01-02-2024,
1356,1356,Processing,25-12-2024,
1357,1357,In Transit,02-09-2023,22-09-2023
1358,1358,In Transit,01-04-2023,
1359,1359,Shipped,09-11-2024,
1360,1360,In Transit,31-10-2024,
1361,1361,Delivered,22-03-2024,
1362,1362,Shipped,01-07-2024,
1363,1363,Delivered,28-09-2024,
1364,1364,Shipped,14-06-2024,
1365,1365,Shipped,09-02-2024,
1366,1366,Processing,10-03-2023,
1367,1367,Delivered,13-10-2023,
1368,1368,Delivered,23-01-2023,
1369,1369,Shipped,27-10-2023,
1370,1370,Shipped,20-12-2023,02-01-2024
1371,1371,Processing,18-10-2024,
1372,1372,In Transit,25-12-2023,
1373,1373,Delivered,21-03-2024,
1374,1374,Delivered,09-11-2023,
1375,1375,Shipped,13-07-2024,
1376,1376,Shipped,14-05-2024,
1377,1377,Processing,10-02-2024,
1378,1378,Processing,22-08-2023,
1379,1379,Delivered,25-03-2024,
1380,1380,Processing,12-04-2023,
1381,1381,Shipped,16-08-2023,
1382,1382,Delivered,05-04-2024,
1383,1383,Processing,21-05-2024,
1384,1384,Processing,25-01-2024,
1385,1385,Shipped,29-06-2023,16-07-2023
1386,1386,In Transit,16-05-2024,
1387,1387,Shipped,13-11-2023,
1388,1388,Delivered,13-01-2023,
1389,1389,Processing,26-11-2023,
1390,1390,Delivered,27-08-2023,
1391,1391,Delivered,03-07-2024,
1392,1392,Delivered,21-10-2024,07-11-2024
1393,1393,In Transit,25-12-2023,
1394,1394,Processing,28-09-2024,
1395,1395,Processing,09-08-2023,
1396,1396,In Transit,01-02-2023,
1397,1397,Delivered,08-09-2023,
1398,1398,Shipped,22-03-2024,
1399,1399,Processing,14-07-2024,
1400,1400,Shipped,06-04-2024,
1401,1401,Shipped,24-11-2023,
1402,1402,Shipped,24-04-2024,
1403,1403,Processing,17-06-2024,
1404,1404,In Transit,06-08-2023,
1405,1405,In Transit,13-10-2024,
1406,1406,Processing,28-09-2024,
1407,1407,In Transit,29-04-2023,
1408,1408,Delivered,03-03-2024,17-03-2024
1409,1409,Processing,28-01-2024,
1410,1410,In Transit,02-10-2024,
1411,1411,Processing,20-05-2024,
1412,1412,Shipped,27-03-2023,
1413,1413,Processing,15-06-2023,
1414,1414,Shipped,08-07-2023,
1415,1415,Shipped,18-08-2023,
1416,1416,In Transit,19-03-2023,
1417,1417,In Transit,21-05-2023,
1418,1418,In Transit,12-03-2023,
1419,1419,Processing,08-11-2024,
1420,1420,Shipped,07-11-2024,
1421,1421,Shipped,05-11-2023,
1422,1422,Processing,12-07-2024,
1423,1423,In Transit,27-10-2024,
1424,1424,Processing,07-10-2024,
1425,1425,In Transit,10-12-2024,
1426,1426,In Transit,25-09-2023,
1427,1427,Delivered,19-04-2023,
1428,1428,Delivered,10-12-2024,23-12-2024
1429,1429,Processing,05-02-2024,
1430,1430,Delivered,08-10-2023,
1431,1431,Processing,01-03-2023,
1432,1432,In Transit,27-09-2024,
1433,1433,Shipped,02-11-2024,21-11-2024
1434,1434,Processing,28-08-2023,
1435,1435,Delivered,04-04-2023,
1436,1436,In Transit,21-08-2023,
1437,1437,Shipped,30-11-2024,
1438,1438,Shipped,09-03-2024,
1439,1439,In Transit,09-12-2023,
1440,1440,Delivered,24-07-2023,
1441,1441,Delivered,17-06-2024,
1442,1442,Processing,19-06-2024,
1443,1443,Shipped,06-03-2023,
1444,1444,Shipped,20-12-2023,
1445,1445,In Transit,31-05-2023,
1446,1446,Shipped,14-01-2024,
1447,1447,Processing,22-09-2023,
1448,1448,Delivered,09-12-2024,
1449,1449,In Transit,24-03-2024,
1450,1450,Processing,13-01-2023,
1451,1451,Processing,16-06-2023,
1452,1452,Delivered,30-11-2023,
1453,1453,Processing,11-05-2023,
1454,1454,Shipped,21-02-2024,
1455,1455,Shipped,04-10-2023,
1456,1456,Shipped,03-04-2023,
1457,1457,Delivered,18-04-2023,
1458,1458,Shipped,25-04-2024,
1459,1459,Shipped,19-07-2023,
1460,1460,Processing,25-03-2023,
1461,1461,In Transit,28-01-2023,
1462,1462,Delivered,20-06-2024,
1463,1463,In Transit,16-11-2023,
1464,1464,Shipped,29-12-2024,
1465,1465,In Transit,02-01-2025,
1466,1466,In Transit,03-12-2023,
1467,1467,Shipped,20-07-2023,
1468,1468,Delivered,12-10-2024,
1469,1469,Delivered,19-06-2024,
1470,1470,Shipped,26-04-2023,
1471,1471,Processing,07-01-2024,
1472,1472,Delivered,19-12-2024,
1473,1473,Delivered,19-09-2024,
1474,1474,In Transit,05-03-2024,
1475,1475,Processing,07-04-2023,
1476,1476,Processing,09-04-2023,
1477,1477,Shipped,24-05-2023,
1478,1478,In Transit,22-05-2024,
1479,1479,Delivered,07-11-2024,
1480,1480,In Transit,27-08-2023,
1481,1481,Delivered,04-12-2023,
1482,1482,In Transit,29-06-2023,
1483,1483,Shipped,26-04-2024,
1484,1484,In Transit,09-02-2023,
1485,1485,Shipped,09-01-2024,
1486,1486,Delivered,14-10-2024,
1487,1487,Delivered,18-08-2024,
1488,1488,In Transit,07-06-2024,
1489,1489,Processing,07-12-2024,
1490,1490,Delivered,30-05-2023,
1491,1491,In Transit,27-04-2023,
1492,1492,Shipped,29-01-2023,
1493,1493,Shipped,09-06-2023,
1494,1494,In Transit,15-05-2024,
1495,1495,Delivered,11-10-2023,
1496,1496,Delivered,07-03-2024,
1497,1497,Delivered,03-01-2024,
1498,1498,Processing,30-07-2023,
1499,1499,Delivered,27-12-2023,
1500,1500,Shipped,07-01-2023,27-01-2023
1501,1501,Delivered,03-02-2024,
1502,1502,Delivered,01-06-2023,
1503,1503,In Transit,27-11-2024,
1504,1504,Delivered,17-10-2024,
1505,1505,Processing,30-01-2023,
1506,1506,Processing,16-10-2023,
1507,1507,Processing,03-12-2023,
1508,1508,Delivered,30-12-2023,
1509,1509,Delivered,26-06-2024,
1510,1510,Processing,15-10-2023,
1511,1511,Delivered,06-02-2023,
1512,1512,Delivered,15-02-2024,
1513,1513,In Transit,04-12-2023,
1514,1514,Processing,04-04-2024,
1515,1515,Delivered,05-11-2024,
1516,1516,Shipped,19-12-2024,
1517,1517,Shipped,22-05-2023,
1518,1518,Shipped,27-06-2023,
1519,1519,Delivered,10-06-2023,
1520,1520,Processing,05-07-2024,
1521,1521,Delivered,16-04-2024,
1522,1522,Shipped,17-06-2023,
1523,1523,Delivered,01-07-2023,
1524,1524,Delivered,17-12-2024,
1525,1525,Delivered,14-02-2023,
1526,1526,In Transit,09-10-2024,
1527,1527,Processing,19-03-2023,
1528,1528,Processing,15-04-2023,03-05-2023
1529,1529,Processing,23-03-2023,
1530,1530,In Transit,06-05-2024,
1531,1531,Processing,12-01-2024,
1532,1532,Processing,28-01-2023,
1533,1533,In Transit,06-05-2024,
1534,1534,Delivered,22-06-2023,
1535,1535,In Transit,29-12-2024,
1536,1536,Shipped,05-02-2024,
1537,1537,Delivered,13-07-2023,
1538,1538,Processing,07-07-2024,17-07-2024
1539,1539,Shipped,03-11-2024,
1540,1540,Delivered,14-11-2024,
1541,1541,Delivered,15-01-2023,25-01-2023
1542,1542,Shipped,01-09-2023,
1543,1543,In Transit,01-05-2023,
1544,1544,Shipped,20-03-2023,
1545,1545,Shipped,14-04-2024,
1546,1546,In Transit,19-07-2024,
1547,1547,Processing,29-08-2023,
1548,1548,Shipped,19-08-2023,
1549,1549,Delivered,18-02-2024,
1550,1550,In Transit,21-02-2024,
1551,1551,Processing,31-07-2024,
1552,1552,In Transit,13-10-2023,
1553,1553,Delivered,21-09-2023,
1554,1554,Processing,06-04-2024,
1555,1555,Delivered,29-06-2023,
1556,1556,Processing,05-02-2023,
1557,1557,Processing,18-02-2023,
1558,1558,In Transit,10-08-2024,
1559,1559,Delivered,06-02-2024,
1560,1560,Processing,02-08-2023,
1561,1561,In Transit,27-11-2024,
1562,1562,Delivered,17-07-2024,
1563,1563,In Transit,04-11-2024,
1564,1564,Delivered,17-04-2024,
1565,1565,Shipped,06-12-2023,
1566,1566,Shipped,17-01-2023,
1567,1567,Delivered,22-10-2024,
1568,1568,Shipped,12-11-2023,28-11-2023
1569,1569,Delivered,13-08-2023,
1570,1570,In Transit,10-05-2024,
1571,1571,Shipped,01-12-2023,
1572,1572,Delivered,07-10-2024,
1573,1573,Processing,18-11-2024,
1574,1574,Shipped,27-07-2024,
1575,1575,Delivered,22-02-2024,
1576,1576,In Transit,21-08-2024,
1577,1577,Shipped,29-01-2023,
1578,1578,In Transit,20-07-2023,
1579,1579,Delivered,19-12-2024,
1580,1580,Delivered,28-08-2024,
1581,1581,Processing,25-02-2023,
1582,1582,Delivered,24-05-2024,
1583,1583,In Transit,12-04-2024,
1584,1584,Processing,01-06-2023,
1585,1585,Shipped,02-08-2023,
1586,1586,Delivered,24-08-2023,
1587,1587,In Transit,30-08-2024,
1588,1588,Delivered,21-10-2024,
1589,1589,In Transit,13-12-2024,
1590,1590,Shipped,07-11-2023,
1591,1591,Processing,29-12-2023,
1592,1592,Shipped,09-07-2024,
1593,1593,Processing,31-08-2023,
1594,1594,Processing,21-10-2024,
1595,1595,Shipped,26-03-2024,
1596,1596,Processing,03-11-2023,
1597,1597,Delivered,26-10-2023,
1598,1598,In Transit,22-05-2024,
1599,1599,In Transit,15-03-2023,
1600,1600,Processing,27-05-2024,
1601,1601,Processing,24-05-2024,
1602,1602,Delivered,26-11-2023,
1603,1603,Delivered,19-07-2023,
1604,1604,Delivered,08-01-2023,
1605,1605,Delivered,19-10-2023,
1606,1606,Delivered,18-12-2023,
1607,1607,Delivered,06-04-2024,
1608,1608,Delivered,28-02-2024,
1609,1609,Delivered,21-07-2024,
1610,1610,Processing,08-07-2023,
1611,1611,Shipped,14-12-2024,
1612,1612,Delivered,17-04-2024,
1613,1613,In Transit,26-11-2024,16-12-2024
1614,1614,In Transit,06-02-2023,
1615,1615,Processing,15-07-2024,
1616,1616,In Transit,13-12-2023,
1617,1617,Processing,24-06-2024,
1618,1618,Processing,18-11-2023,
1619,1619,Shipped,23-09-2023,
1620,1620,In Transit,09-10-2023,
1621,1621,In Transit,11-06-2024,
1622,1622,Shipped,14-09-2023,
1623,1623,Processing,26-05-2023,
1624,1624,Shipped,16-05-2023,
1625,1625,In Transit,22-05-2023,05-06-2023
1626,1626,In Transit,19-02-2024,
1627,1627,Processing,16-09-2024,
1628,1628,In Transit,03-07-2024,
1629,1629,Processing,23-01-2023,
1630,1630,Shipped,30-04-2024,
1631,1631,Shipped,25-08-2024,
1632,1632,Processing,23-12-2024,03-01-2025
1633,1633,In Transit,04-04-2023,
1634,1634,Shipped,13-09-2024,
1635,1635,Delivered,16-12-2023,
1636,1636,Delivered,18-02-2024,
1637,1637,Delivered,11-05-2023,
1638,1638,Processing,13-09-2023,
1639,1639,Shipped,18-11-2023,
1640,1640,Delivered,30-05-2023,
1641,1641,Processing,07-03-2023,
1642,1642,Processing,06-04-2023,
1643,1643,Processing,16-12-2024,
1644,1644,In Transit,18-08-2023,
1645,1645,Delivered,25-01-2024,
1646,1646,Processing,24-04-2023,
1647,1647,In Transit,02-07-2023,12-07-2023
1648,1648,Shipped,08-11-2024,
1649,1649,Delivered,03-04-2023,
1650,1650,Shipped,25-06-2024,
1651,1651,In Transit,03-11-2023,
1652,1652,In Transit,17-01-2024,
1653,1653,Processing,13-03-2024,
1654,1654,Processing,15-07-2024,
1655,1655,In Transit,28-10-2024,
1656,1656,Processing,09-10-2023,
1657,1657,Processing,24-10-2024,
1658,1658,Delivered,09-05-2023,
1659,1659,In Transit,15-10-2024,
1660,1660,Delivered,01-08-2024,
1661,1661,In Transit,11-04-2023,
1662,1662,Shipped,24-03-2024,
1663,1663,In Transit,25-02-2024,
1664,1664,Processing,25-06-2023,
1665,1665,In Transit,29-07-2023,
1666,1666,Processing,16-10-2023,
1667,1667,In Transit,10-09-2023,
1668,1668,In Transit,20-05-2024,
1669,1669,Processing,21-03-2023,
1670,1670,In Transit,29-01-2023,
1671,1671,Processing,09-04-2023,
1672,1672,In Transit,04-07-2023,
1673,1673,Processing,01-03-2023,
1674,1674,Shipped,26-04-2023,
1675,1675,Processing,31-03-2024,
1676,1676,In Transit,20-06-2023,
1677,1677,Processing,22-10-2023,
1678,1678,Delivered,27-10-2024,06-11-2024
1679,1679,Shipped,18-07-2024,
1680,1680,Delivered,19-06-2023,
1681,1681,Delivered,11-11-2023,
1682,1682,Shipped,31-05-2023,
1683,1683,In Transit,11-08-2024,
1684,1684,Processing,08-12-2024,
1685,1685,Processing,14-07-2024,
1686,1686,Shipped,19-12-2024,
1687,1687,Shipped,04-01-2023,
1688,1688,In Transit,04-08-2023,
1689,1689,In Transit,18-03-2024,
1690,1690,Processing,16-05-2023,
1691,1691,Shipped,14-02-2024,
1692,1692,Shipped,31-03-2024,
1693,1693,Shipped,09-11-2023,
1694,1694,In Transit,17-03-2023,
1695,1695,Shipped,02-02-2023,
1696,1696,Delivered,10-02-2024,
1697,1697,Shipped,11-11-2023,
1698,1698,Shipped,10-04-2024,
1699,1699,Processing,15-07-2024,
1700,1700,Shipped,28-01-2024,
1701,1701,Shipped,18-12-2023,
1702,1702,Processing,29-07-2024,
1703,1703,Processing,13-06-2023,
1704,1704,Delivered,07-09-2023,
1705,1705,Delivered,12-11-2024,
1706,1706,Delivered,27-02-2023,
1707,1707,Processing,24-06-2023,
1708,1708,Shipped,28-11-2023,
1709,1709,Processing,23-06-2023,
1710,1710,Processing,09-01-2024,
1711,1711,In Transit,19-10-2024,
1712,1712,Shipped,07-08-2024,
1713,1713,Shipped,07-10-2024,
1714,1714,In Transit,27-11-2024,
1715,1715,Delivered,25-07-2023,
1716,1716,Shipped,02-02-2023,
1717,1717,Delivered,30-01-2024,
1718,1718,Delivered,16-05-2023,
1719,1719,Processing,14-04-2024,
1720,1720,Processing,01-04-2024,
1721,1721,Delivered,22-10-2024,
1722,1722,Processing,15-11-2024,
1723,1723,In Transit,07-05-2024,
1724,1724,Shipped,11-04-2023,
1725,1725,Shipped,10-09-2024,
1726,1726,Delivered,26-05-2023,
1727,1727,Processing,26-02-2024,
1728,1728,Processing,31-08-2024,
1729,1729,Delivered,07-03-2023,
1730,1730,Processing,11-10-2024,
1731,1731,In Transit,17-03-2024,
1732,1732,Processing,09-11-2023,
1733,1733,Delivered,15-01-2024,
1734,1734,Delivered,22-03-2023,
1735,1735,In Transit,10-10-2023,
1736,1736,Delivered,13-04-2024,
1737,1737,Processing,25-11-2023,
1738,1738,Processing,05-12-2023,
1739,1739,Shipped,07-12-2023,
1740,1740,In Transit,25-07-2024,
1741,1741,Delivered,21-06-2023,
1742,1742,Delivered,12-10-2024,
1743,1743,Processing,20-09-2024,
1744,1744,In Transit,27-06-2023,
1745,1745,Delivered,20-09-2023,
1746,1746,Processing,26-09-2023,
1747,1747,Processing,04-01-2023,
1748,1748,Shipped,22-01-2024,
1749,1749,In Transit,07-02-2024,
1750,1750,In Transit,05-03-2023,
1751,1751,Shipped,29-01-2023,
1752,1752,Processing,16-12-2024,
1753,1753,In Transit,22-03-2024,
1754,1754,Delivered,10-11-2023,
1755,1755,Shipped,04-08-2023,
1756,1756,Processing,12-04-2024,
1757,1757,Shipped,28-08-2024,
1758,1758,In Transit,26-03-2023,
1759,1759,Delivered,20-09-2023,
1760,1760,Delivered,13-06-2024,
1761,1761,Delivered,01-01-2025,
1762,1762,Processing,17-10-2024,
1763,1763,Delivered,10-01-2024,
1764,1764,In Transit,22-11-2024,
1765,1765,In Transit,01-09-2023,11-09-2023
1766,1766,Processing,10-04-2023,
1767,1767,Shipped,30-12-2023,
1768,1768,Processing,12-07-2023,
1769,1769,Delivered,26-08-2024,
1770,1770,In Transit,16-09-2023,
1771,1771,Processing,27-12-2023,
1772,1772,Delivered,13-03-2023,
1773,1773,In Transit,06-11-2024,
1774,1774,Delivered,07-09-2023,
1775,1775,Shipped,13-05-2023,28-05-2023
1776,1776,Processing,03-09-2024,
1777,1777,In Transit,18-12-2024,01-01-2025
1778,1778,Processing,08-04-2023,
1779,1779,Delivered,21-10-2023,
1780,1780,Shipped,08-06-2023,
1781,1781,Shipped,02-07-2023,
1782,1782,Processing,30-09-2024,
1783,1783,Delivered,23-12-2024,
1784,1784,Processing,21-01-2023,
1785,1785,Delivered,06-07-2023,
1786,1786,Shipped,08-04-2023,
1787,1787,Processing,10-08-2024,
1788,1788,Delivered,08-08-2023,
1789,1789,In Transit,02-09-2024,
1790,1790,Processing,27-05-2023,
1791,1791,Delivered,24-04-2024,
1792,1792,Shipped,02-03-2024,12-03-2024
1793,1793,Processing,02-03-2024,
1794,1794,Processing,23-07-2023,
1795,1795,Processing,15-07-2024,
1796,1796,Delivered,14-02-2023,
1797,1797,In Transit,09-05-2024,
1798,1798,In Transit,08-09-2023,
1799,1799,Shipped,08-11-2023,
1800,1800,In Transit,07-08-2023,
1801,1801,In Transit,08-12-2023,
1802,1802,Delivered,17-02-2024,04-03-2024
1803,1803,Shipped,21-08-2024,
1804,1804,Shipped,12-01-2023,
1805,1805,Delivered,29-05-2024,
1806,1806,Shipped,20-06-2023,
1807,1807,Processing,27-09-2024,17-10-2024
1808,1808,In Transit,19-07-2024,
1809,1809,Shipped,02-10-2024,20-10-2024
1810,1810,In Transit,22-03-2024,
1811,1811,Delivered,14-07-2024,
1812,1812,In Transit,19-06-2023,
1813,1813,Delivered,22-10-2023,
1814,1814,Shipped,23-03-2023,
1815,1815,In Transit,26-02-2024,
1816,1816,Processing,01-12-2023,
1817,1817,Shipped,10-01-2023,
1818,1818,Processing,10-01-2024,
1819,1819,In Transit,06-01-2023,
1820,1820,Processing,16-11-2024,
1821,1821,Processing,12-04-2024,
1822,1822,In Transit,14-10-2023,
1823,1823,In Transit,02-10-2024,
1824,1824,Delivered,18-01-2023,
1825,1825,Delivered,03-10-2023,
1826,1826,Delivered,28-02-2024,
1827,1827,In Transit,19-03-2023,
1828,1828,In Transit,25-03-2023,
1829,1829,Processing,19-07-2024,
1830,1830,Shipped,24-06-2023,
1831,1831,In Transit,11-07-2023,
1832,1832,Delivered,07-07-2024,
1833,1833,Shipped,15-07-2024,29-07-2024
1834,1834,Delivered,03-09-2023,
1835,1835,Delivered,09-04-2024,
1836,1836,In Transit,22-01-2023,
1837,1837,Delivered,01-06-2023,
1838,1838,Processing,19-06-2023,
1839,1839,Processing,12-12-2024,
1840,1840,Delivered,29-11-2023,
1841,1841,Shipped,26-11-2023,
1842,1842,Processing,02-06-2023,
1843,1843,In Transit,06-12-2024,
1844,1844,Shipped,11-10-2023,
1845,1845,Processing,24-02-2023,
1846,1846,In Transit,12-10-2024,
1847,1847,Delivered,02-02-2024,
1848,1848,Processing,08-03-2024,
1849,1849,Shipped,21-04-2024,
1850,1850,Shipped,07-06-2023,19-06-2023
1851,1851,Shipped,12-08-2024,
1852,1852,Processing,30-12-2023,
1853,1853,In Transit,13-11-2024,
1854,1854,In Transit,20-03-2024,
1855,1855,Shipped,10-11-2024,
1856,1856,Shipped,23-08-2023,
1857,1857,Delivered,17-01-2023,
1858,1858,In Transit,23-05-2024,
1859,1859,In Transit,06-07-2023,
1860,1860,Processing,04-08-2023,
1861,1861,Shipped,31-07-2023,
1862,1862,Delivered,12-03-2024,
1863,1863,Delivered,06-02-2023,
1864,1864,In Transit,05-05-2024,
1865,1865,Processing,20-07-2024,
1866,1866,Shipped,02-04-2023,
1867,1867,In Transit,21-01-2023,
1868,1868,Delivered,22-12-2023,
1869,1869,Shipped,17-09-2024,
1870,1870,Shipped,02-10-2023,
1871,1871,Processing,31-03-2023,
1872,1872,In Transit,18-02-2023,
1873,1873,Processing,11-01-2024,
1874,1874,In Transit,15-08-2024,
1875,1875,Delivered,23-06-2024,
1876,1876,Processing,31-08-2023,
1877,1877,Processing,06-07-2023,
1878,1878,In Transit,02-05-2024,
1879,1879,In Transit,07-02-2024,
1880,1880,In Transit,10-10-2024,
1881,1881,Delivered,18-02-2024,
1882,1882,In Transit,28-04-2024,
1883,1883,Processing,15-06-2023,
1884,1884,Processing,07-07-2024,
1885,1885,Shipped,07-05-2023,21-05-2023
1886,1886,Delivered,03-06-2024,
1887,1887,Shipped,08-06-2024,
1888,1888,In Transit,04-01-2024,
1889,1889,Processing,21-09-2024,
1890,1890,In Transit,21-01-2024,
1891,1891,Shipped,28-09-2024,
1892,1892,Processing,27-05-2023,
1893,1893,Delivered,25-11-2024,
1894,1894,Shipped,16-05-2024,
1895,1895,Delivered,07-05-2023,
1896,1896,Processing,27-01-2024,
1897,1897,Shipped,08-09-2023,
1898,1898,Processing,06-03-2024,
1899,1899,In Transit,19-04-2024,
1900,1900,Processing,30-08-2023,
1901,1901,Delivered,20-05-2024,
1902,1902,Shipped,08-12-2023,
1903,1903,Delivered,21-06-2023,
1904,1904,Delivered,07-03-2023,
1905,1905,Delivered,09-03-2024,
1906,1906,Processing,08-06-2024,
1907,1907,Delivered,02-10-2023,
1908,1908,In Transit,27-05-2024,
1909,1909,Delivered,27-04-2024,
1910,1910,Delivered,09-10-2023,
1911,1911,Shipped,11-02-2024,
1912,1912,Shipped,20-02-2024,
1913,1913,Shipped,04-11-2023,
1914,1914,Delivered,24-05-2023,
1915,1915,Delivered,07-01-2024,
1916,1916,Delivered,05-08-2024,
1917,1917,In Transit,09-03-2023,
1918,1918,Shipped,22-10-2023,
1919,1919,In Transit,21-01-2023,
1920,1920,Processing,28-01-2023,
1921,1921,Delivered,24-10-2023,
1922,1922,Processing,21-12-2023,
1923,1923,Delivered,09-06-2023,
1924,1924,Shipped,07-09-2024,
1925,1925,Processing,01-08-2023,
1926,1926,Delivered,13-11-2024,
1927,1927,Shipped,14-06-2023,
1928,1928,Processing,19-03-2024,
1929,1929,Shipped,26-05-2023,
1930,1930,Processing,20-08-2024,
1931,1931,Shipped,03-12-2024,
1932,1932,In Transit,08-03-2024,
1933,1933,In Transit,20-01-2023,
1934,1934,Shipped,20-11-2023,
1935,1935,In Transit,18-09-2023,
1936,1936,In Transit,27-01-2023,
1937,1937,In Transit,10-05-2023,
1938,1938,Delivered,18-05-2023,
1939,1939,In Transit,30-05-2024,
1940,1940,Processing,18-06-2024,
1941,1941,Delivered,30-12-2024,
1942,1942,In Transit,16-10-2024,
1943,1943,Shipped,10-07-2023,
1944,1944,Delivered,17-04-2023,
1945,1945,Processing,20-02-2023,
1946,1946,Processing,05-08-2024,
1947,1947,Delivered,21-02-2023,
1948,1948,Delivered,30-06-2024,
1949,1949,Delivered,18-10-2023,
1950,1950,Shipped,08-04-2023,
1951,1951,Processing,10-01-2024,
1952,1952,Processing,24-08-2024,
1953,1953,In Transit,21-01-2023,
1954,1954,Delivered,12-09-2024,
1955,1955,In Transit,01-10-2023,
1956,1956,Delivered,18-11-2024,
1957,1957,In Transit,15-03-2024,
1958,1958,Delivered,01-06-2024,
1959,1959,In Transit,24-08-2023,
1960,1960,Processing,08-06-2024,
1961,1961,Shipped,03-03-2024,
1962,1962,In Transit,08-10-2024,
1963,1963,Delivered,17-11-2023,
1964,1964,Processing,18-07-2023,
1965,1965,Delivered,30-05-2023,
1966,1966,Shipped,05-06-2023,
1967,1967,Processing,03-12-2023,
1968,1968,Delivered,18-08-2023,
1969,1969,Processing,04-04-2023,
1970,1970,Shipped,29-04-2024,
1971,1971,Delivered,13-12-2024,
1972,1972,In Transit,22-08-2023,
1973,1973,Delivered,06-04-2024,
1974,1974,Delivered,08-04-2023,
1975,1975,Delivered,15-09-2024,
1976,1976,Delivered,09-06-2024,
1977,1977,In Transit,02-01-2024,
1978,1978,In Transit,03-04-2023,
1979,1979,Processing,02-02-2023,
1980,1980,In Transit,22-07-2024,
1981,1981,In Transit,19-11-2024,
1982,1982,Processing,26-04-2023,
1983,1983,Delivered,12-01-2024,
1984,1984,Delivered,07-06-2024,
1985,1985,Processing,04-06-2024,
1986,1986,In Transit,20-03-2023,
1987,1987,In Transit,22-05-2024,
1988,1988,Shipped,04-03-2024,
1989,1989,Delivered,15-02-2023,
1990,1990,Delivered,11-07-2023,
1991,1991,Shipped,29-10-2023,
1992,1992,In Transit,19-02-2023,
1993,1993,Shipped,06-06-2023,
1994,1994,Processing,26-12-2024,
1995,1995,Delivered,10-03-2024,
1996,1996,Delivered,16-09-2023,
1997,1997,Shipped,23-06-2024,
1998,1998,Delivered,04-02-2023,
1999,1999,Delivered,10-06-2023,
2000,2000,Shipped,11-09-2023,
